MemberID,Name,Gender,Age,City,Height_cm,Weight_Start_kg,Weight_Current_kg,BMI_Start,BMI_Current,MembershipType,MonthlyFee,Goal,WorkoutType,Trainer,SessionsPerWeek,MonthsActive,WeightLoss_kg,SatisfactionScore,Churned,JoinDate
GYM1001,Arun,Male,36,Mumbai,166.9,85.8,80.7,30.8,29.0,Premium,3499,Muscle Gain,Strength,Trainer A,1,35,5.1,10,0,2022-01-31
GYM1002,Vijay,Male,29,Chennai,166.1,97.0,84.6,35.2,30.7,Standard,1999,General Fitness,Zumba,Trainer B,4,35,12.4,4,0,2022-10-12
GYM1003,Praveen,Male,27,Hyderabad,172.3,72.4,69.7,24.4,23.5,Standard,1999,Endurance,Yoga,Trainer B,3,14,2.7,2,1,2022-04-10
GYM1004,Keerthana,Female,34,Delhi,142.7,44.3,42.3,21.8,20.8,Premium,3499,General Fitness,Cardio,Trainer D,1,35,2.0,7,1,2022-10-28
GYM1005,Lakshmi,Female,21,Chennai,160.5,54.1,54.1,21.0,21.0,Standard,1999,Weight Loss,Swimming,Trainer B,1,19,0.0,4,0,2023-01-25
GYM1006,Deepa,Female,46,Hyderabad,156.2,65.8,59.3,27.0,24.3,Premium,3499,Muscle Gain,Yoga,Trainer B,6,18,6.5,2,0,2022-06-25
GYM1007,Ramesh,Male,26,Delhi,168.9,64.2,56.4,22.5,19.8,Elite,5999,Endurance,Swimming,No Trainer,6,15,7.8,6,0,2024-03-05
GYM1008,Vijay,Male,25,Pune,165.7,70.8,62.4,25.8,22.7,Basic,999,Flexibility,Yoga,Trainer A,5,14,8.4,6,0,2023-05-27
GYM1009,Viji,Female,31,Delhi,149.5,74.9,62.3,33.5,27.9,Elite,5999,Muscle Gain,Strength,Trainer B,5,36,12.6,5,0,2023-03-15
GYM1010,Anita,Female,34,Kolkata,142.3,49.1,47.5,24.2,23.5,Standard,1999,Muscle Gain,Cardio,Trainer A,2,8,1.6,3,0,2023-03-09
GYM1011,Ganesh,Male,39,Kolkata,169.4,76.6,74.2,26.7,25.9,Elite,5999,General Fitness,Zumba,Trainer C,1,36,2.4,2,0,2023-07-04
GYM1012,Bharathi,Female,18,Delhi,152.2,59.5,55.5,25.7,24.0,Premium,3499,Weight Loss,CrossFit,Trainer B,1,30,4.0,5,0,2024-02-20
GYM1013,Sanjay,Male,35,Mumbai,153.9,81.9,78.1,34.6,33.0,Basic,999,Flexibility,Strength,Trainer C,5,11,3.8,9,0,2023-09-06
GYM1014,Deepa,Female,25,Hyderabad,162.9,77.4,75.4,29.2,28.4,Basic,999,Weight Loss,Yoga,Trainer B,2,4,2.0,10,0,2022-03-29
GYM1015,Keerthana,Female,23,Bangalore,155.5,69.0,61.8,28.5,25.6,Basic,999,General Fitness,Strength,Trainer D,2,36,7.2,5,0,2023-09-14
GYM1016,Kavya,Female,27,Pune,156.5,51.7,41.9,21.1,17.1,Standard,1999,Flexibility,Swimming,Trainer C,5,29,9.8,8,0,2022-08-19
GYM1017,Arjun,Male,40,Mumbai,178.8,77.1,75.5,24.1,23.6,Basic,999,General Fitness,Zumba,Trainer B,1,1,1.6,1,1,2022-02-02
GYM1018,Divya,Female,35,Kolkata,152.8,69.3,62.7,29.7,26.9,Standard,1999,Flexibility,Strength,No Trainer,6,9,6.6,10,0,2022-09-06
GYM1019,Bharathi,Female,31,Coimbatore,170.5,33.6,25.0,11.6,8.6,Elite,5999,Muscle Gain,Cardio,Trainer D,4,23,8.6,7,0,2024-01-17
GYM1020,Vikram,Male,32,Pune,165.6,79.1,79.1,28.8,28.8,Basic,999,Weight Loss,Swimming,Trainer C,2,7,0.0,4,0,2023-04-05
GYM1021,Ganesh,Male,29,Kolkata,170.9,95.7,84.9,32.8,29.1,Standard,1999,Flexibility,Strength,Trainer A,5,29,10.8,2,1,2023-07-08
GYM1022,Karthik,Male,23,Pune,164.0,89.0,84.0,33.1,31.2,Standard,1999,Muscle Gain,CrossFit,Trainer D,4,14,5.0,1,0,2022-01-03
GYM1023,Meena,Female,26,Pune,162.1,66.2,59.6,25.2,22.7,Elite,5999,Flexibility,Swimming,No Trainer,2,32,6.6,4,0,2022-03-01
GYM1024,Dinesh,Male,24,Chennai,165.4,73.3,62.3,26.8,22.8,Premium,3499,Weight Loss,Zumba,Trainer D,5,33,11.0,3,1,2023-06-05
GYM1025,Harish,Male,34,Coimbatore,170.1,78.1,76.4,27.0,26.4,Standard,1999,Weight Loss,Swimming,Trainer B,1,26,1.7,10,0,2023-09-01
GYM1026,Rajesh,Male,18,Hyderabad,164.6,73.9,71.7,27.3,26.5,Basic,999,Endurance,Yoga,Trainer B,2,21,2.2,5,0,2023-11-19
GYM1027,Deepa,Female,30,Chennai,161.2,87.6,86.8,33.7,33.4,Premium,3499,Weight Loss,CrossFit,No Trainer,1,7,0.8,9,0,2022-09-29
GYM1028,Manoj,Male,34,Mumbai,167.4,55.0,51.5,19.6,18.4,Premium,3499,Weight Loss,Yoga,Trainer C,4,11,3.5,9,0,2023-09-19
GYM1029,Vikram,Male,32,Bangalore,187.7,75.7,71.9,21.5,20.4,Premium,3499,Weight Loss,Yoga,Trainer A,6,7,3.8,9,0,2022-10-16
GYM1030,Dinesh,Male,31,Delhi,158.7,91.7,89.2,36.4,35.4,Premium,3499,Muscle Gain,Zumba,Trainer D,1,17,2.5,2,0,2024-04-29
GYM1031,Priya,Female,39,Bangalore,150.7,81.8,78.6,36.0,34.6,Basic,999,Flexibility,Swimming,Trainer C,6,11,3.2,8,0,2023-03-14
GYM1032,Karthik,Male,37,Chennai,185.5,66.1,61.2,19.2,17.8,Basic,999,Muscle Gain,Yoga,No Trainer,2,36,4.9,7,0,2022-11-12
GYM1033,Viji,Female,32,Mumbai,154.0,46.4,44.6,19.6,18.8,Basic,999,Flexibility,Swimming,Trainer B,3,7,1.8,9,0,2023-02-21
GYM1034,Manoj,Male,21,Bangalore,171.8,67.0,58.9,22.7,20.0,Standard,1999,Muscle Gain,CrossFit,Trainer A,6,12,8.1,6,0,2023-02-26
GYM1035,Suresh,Male,24,Pune,165.4,87.8,87.2,32.1,31.9,Standard,1999,Weight Loss,Cardio,Trainer D,2,15,0.6,8,0,2024-04-20
GYM1036,Vijay,Male,34,Pune,178.5,58.7,57.2,18.4,18.0,Basic,999,Muscle Gain,Yoga,Trainer C,3,5,1.5,6,0,2023-02-14
GYM1037,Priya,Female,34,Bangalore,164.3,50.2,50.2,18.6,18.6,Basic,999,Flexibility,Zumba,Trainer C,1,3,0.0,10,0,2024-01-17
GYM1038,Pooja,Female,37,Mumbai,160.4,68.0,65.2,26.4,25.3,Basic,999,Endurance,Yoga,Trainer A,1,28,2.8,9,0,2023-07-06
GYM1039,Arjun,Male,25,Hyderabad,169.9,81.5,78.7,28.2,27.3,Elite,5999,Weight Loss,Zumba,Trainer C,6,8,2.8,5,0,2023-11-14
GYM1040,Anita,Female,50,Bangalore,161.8,50.7,37.7,19.4,14.4,Elite,5999,Flexibility,Strength,Trainer D,6,25,13.0,3,0,2022-11-05
GYM1041,Nisha,Female,22,Delhi,164.3,78.9,73.4,29.2,27.2,Basic,999,Flexibility,Strength,Trainer D,4,21,5.5,8,0,2022-08-07
GYM1042,Bharathi,Female,41,Delhi,161.3,74.9,70.3,28.8,27.0,Standard,1999,Weight Loss,Zumba,No Trainer,1,22,4.6,4,0,2022-08-19
GYM1043,Ramesh,Male,29,Mumbai,162.0,67.3,66.9,25.6,25.5,Basic,999,Weight Loss,CrossFit,No Trainer,4,5,0.4,7,0,2023-08-13
GYM1044,Dinesh,Male,31,Pune,170.7,81.3,80.0,27.9,27.5,Elite,5999,Endurance,Strength,Trainer B,1,1,1.3,7,0,2024-04-03
GYM1045,Priya,Female,32,Kolkata,169.6,61.8,44.1,21.5,15.3,Standard,1999,Weight Loss,Strength,Trainer D,5,34,17.7,10,0,2024-02-13
GYM1046,Lakshmi,Female,38,Kolkata,151.1,52.1,44.4,22.8,19.4,Elite,5999,General Fitness,Strength,Trainer D,3,29,7.7,4,0,2022-10-11
GYM1047,Rekha,Female,29,Kolkata,163.7,70.7,67.0,26.4,25.0,Standard,1999,Flexibility,Cardio,Trainer C,3,16,3.7,6,0,2023-07-08
GYM1048,Ramesh,Male,23,Pune,155.9,72.6,70.2,29.9,28.9,Standard,1999,Muscle Gain,Swimming,Trainer B,1,14,2.4,7,0,2023-07-10
GYM1049,Pooja,Female,34,Pune,148.0,67.1,65.7,30.6,30.0,Basic,999,Muscle Gain,CrossFit,No Trainer,5,2,1.4,7,0,2022-12-27
GYM1050,Bharathi,Female,23,Mumbai,159.2,65.7,61.7,25.9,24.3,Elite,5999,Endurance,CrossFit,Trainer B,4,18,4.0,8,1,2022-12-11
GYM1051,Saranya,Female,35,Bangalore,162.5,78.0,75.8,29.5,28.7,Standard,1999,Endurance,Zumba,No Trainer,4,2,2.2,10,0,2022-01-28
GYM1052,Vikram,Male,18,Kolkata,160.5,84.2,78.0,32.7,30.3,Elite,5999,Muscle Gain,Strength,Trainer A,4,17,6.2,6,0,2022-12-01
GYM1053,Bharathi,Female,37,Pune,188.8,71.9,67.7,20.2,19.0,Elite,5999,Flexibility,Yoga,Trainer A,1,31,4.2,9,1,2022-12-25
GYM1054,Vikram,Male,41,Chennai,173.2,74.2,72.3,24.7,24.1,Basic,999,Weight Loss,Strength,Trainer B,5,2,1.9,3,0,2023-04-30
GYM1055,Rajesh,Male,24,Delhi,166.1,72.2,70.8,26.2,25.7,Standard,1999,Endurance,Yoga,Trainer B,2,8,1.4,5,1,2022-01-27
GYM1056,Lakshmi,Female,55,Mumbai,143.1,73.2,73.2,35.7,35.7,Elite,5999,Endurance,Cardio,No Trainer,1,16,0.0,5,0,2023-09-07
GYM1057,Praveen,Male,27,Pune,176.7,78.8,78.4,25.2,25.1,Basic,999,Flexibility,Swimming,Trainer C,5,5,0.4,6,1,2023-03-07
GYM1058,Divya,Female,24,Kolkata,163.4,56.2,51.4,21.0,19.3,Elite,5999,Flexibility,Swimming,Trainer B,2,28,4.8,9,0,2022-10-04
GYM1059,Deepa,Female,32,Delhi,152.8,90.7,88.3,38.8,37.8,Elite,5999,General Fitness,Yoga,Trainer B,3,6,2.4,8,0,2023-04-21
GYM1060,Anita,Female,18,Hyderabad,159.5,57.1,52.5,22.4,20.6,Basic,999,Endurance,Strength,Trainer D,3,14,4.6,5,0,2023-09-03
GYM1061,Nisha,Female,24,Mumbai,157.1,71.1,61.2,28.8,24.8,Basic,999,General Fitness,Cardio,Trainer B,4,27,9.9,9,0,2023-12-09
GYM1062,Rekha,Female,19,Chennai,155.3,59.3,55.5,24.6,23.0,Elite,5999,Endurance,Cardio,Trainer C,4,15,3.8,4,0,2023-08-19
GYM1063,Deepa,Female,49,Hyderabad,161.2,49.9,44.2,19.2,17.0,Premium,3499,Endurance,Yoga,Trainer D,3,18,5.7,5,0,2024-01-09
GYM1064,Arjun,Male,53,Bangalore,176.3,59.8,53.1,19.2,17.1,Basic,999,General Fitness,Strength,Trainer B,3,31,6.7,10,0,2023-06-22
GYM1065,Divya,Female,44,Mumbai,152.3,70.3,67.5,30.3,29.1,Standard,1999,Flexibility,Yoga,Trainer B,1,20,2.8,9,0,2022-02-16
GYM1066,Sanjay,Male,22,Kolkata,167.5,39.1,34.6,13.9,12.3,Premium,3499,Muscle Gain,Cardio,Trainer A,4,19,4.5,8,0,2022-07-08
GYM1067,Suresh,Male,29,Coimbatore,158.0,97.6,97.6,39.1,39.1,Elite,5999,Weight Loss,CrossFit,Trainer D,5,5,0.0,1,0,2024-04-10
GYM1068,Divya,Female,27,Pune,159.0,82.3,78.5,32.6,31.1,Standard,1999,Weight Loss,Zumba,No Trainer,5,15,3.8,7,0,2023-03-30
GYM1069,Keerthana,Female,43,Chennai,158.1,53.2,45.8,21.3,18.3,Elite,5999,Flexibility,Zumba,Trainer A,6,14,7.4,4,0,2022-03-25
GYM1070,Vijay,Male,33,Coimbatore,163.2,78.8,70.7,29.6,26.5,Standard,1999,General Fitness,Strength,Trainer A,4,27,8.1,10,0,2022-02-03
GYM1071,Suresh,Male,33,Coimbatore,173.3,97.0,90.7,32.3,30.2,Premium,3499,Endurance,Swimming,Trainer B,6,17,6.3,10,0,2022-07-22
GYM1072,Divya,Female,53,Delhi,142.4,63.2,61.7,31.2,30.4,Standard,1999,Muscle Gain,Strength,Trainer A,2,4,1.5,5,0,2024-04-24
GYM1073,Deepa,Female,34,Delhi,153.0,62.5,56.0,26.7,23.9,Basic,999,Endurance,Swimming,Trainer D,5,18,6.5,9,0,2022-03-24
GYM1074,Manoj,Male,26,Delhi,174.8,82.3,76.1,26.9,24.9,Elite,5999,Flexibility,Cardio,Trainer A,6,15,6.2,10,0,2022-01-22
GYM1075,Lakshmi,Female,40,Kolkata,160.5,74.8,71.0,29.0,27.6,Basic,999,Muscle Gain,Zumba,Trainer D,2,18,3.8,10,0,2024-04-13
GYM1076,Divya,Female,23,Pune,153.5,74.0,72.0,31.4,30.6,Elite,5999,Flexibility,Yoga,Trainer C,2,7,2.0,6,0,2023-05-23
GYM1077,Rekha,Female,31,Chennai,158.9,80.3,76.1,31.8,30.1,Elite,5999,General Fitness,CrossFit,Trainer A,3,21,4.2,6,0,2024-03-02
GYM1078,Keerthana,Female,37,Kolkata,156.4,62.4,55.6,25.5,22.7,Basic,999,General Fitness,CrossFit,Trainer A,5,13,6.8,6,0,2023-05-26
GYM1079,Bharathi,Female,40,Delhi,164.5,80.7,74.6,29.8,27.6,Basic,999,Muscle Gain,Zumba,Trainer B,4,19,6.1,8,0,2023-10-08
GYM1080,Dinesh,Male,38,Chennai,165.5,81.9,81.1,29.9,29.6,Standard,1999,Flexibility,Zumba,Trainer D,2,6,0.8,2,0,2022-05-01
GYM1081,Mohan,Male,32,Delhi,172.8,68.2,60.1,22.8,20.1,Premium,3499,General Fitness,CrossFit,Trainer D,2,31,8.1,8,0,2023-01-28
GYM1082,Manoj,Male,21,Delhi,158.3,91.9,82.8,36.7,33.0,Standard,1999,Weight Loss,CrossFit,Trainer C,3,33,9.1,1,0,2022-11-02
GYM1083,Keerthana,Female,38,Kolkata,163.0,64.9,51.8,24.4,19.5,Standard,1999,Endurance,Yoga,Trainer C,5,36,13.1,7,0,2022-11-26
GYM1084,Dinesh,Male,32,Pune,162.6,89.7,89.2,33.9,33.7,Standard,1999,General Fitness,Strength,Trainer D,3,3,0.5,8,0,2024-04-10
GYM1085,Pooja,Female,23,Chennai,155.4,70.0,69.1,29.0,28.6,Standard,1999,Endurance,Strength,No Trainer,1,22,0.9,8,1,2023-04-13
GYM1086,Dinesh,Male,23,Bangalore,169.9,80.9,77.6,28.0,26.9,Standard,1999,Endurance,Cardio,Trainer D,3,17,3.3,10,0,2023-10-28
GYM1087,Harish,Male,27,Pune,169.9,60.6,59.9,21.0,20.8,Premium,3499,General Fitness,Yoga,Trainer D,1,35,0.7,10,1,2023-10-09
GYM1088,Kavya,Female,24,Coimbatore,156.3,68.7,61.8,28.1,25.3,Basic,999,Endurance,Swimming,Trainer A,2,29,6.9,5,0,2022-02-17
GYM1089,Bharathi,Female,40,Hyderabad,156.7,64.8,64.7,26.4,26.3,Basic,999,Flexibility,Yoga,Trainer D,2,10,0.1,9,0,2023-11-30
GYM1090,Ramesh,Male,31,Pune,165.7,81.9,70.3,29.8,25.6,Standard,1999,Weight Loss,Zumba,Trainer B,5,32,11.6,3,0,2023-10-16
GYM1091,Deepa,Female,37,Kolkata,170.3,63.7,62.2,22.0,21.4,Premium,3499,Weight Loss,Yoga,No Trainer,1,11,1.5,8,0,2023-08-25
GYM1092,Rekha,Female,38,Kolkata,154.8,67.7,59.7,28.3,24.9,Elite,5999,Flexibility,Yoga,Trainer B,4,25,8.0,2,0,2023-08-09
GYM1093,Lakshmi,Female,32,Chennai,151.8,65.3,63.1,28.3,27.4,Premium,3499,Flexibility,Swimming,Trainer D,1,18,2.2,10,0,2024-03-07
GYM1094,Manoj,Male,46,Mumbai,175.7,103.8,97.8,33.6,31.7,Elite,5999,Flexibility,Zumba,Trainer C,6,15,6.0,4,0,2023-11-26
GYM1095,Vikram,Male,40,Delhi,169.5,104.3,94.0,36.3,32.7,Basic,999,Weight Loss,CrossFit,Trainer A,6,24,10.3,3,0,2022-10-30
GYM1096,Saranya,Female,23,Mumbai,153.2,39.5,30.7,16.8,13.1,Elite,5999,Muscle Gain,Strength,No Trainer,5,24,8.8,9,0,2024-04-30
GYM1097,Suresh,Male,24,Hyderabad,169.2,82.1,78.5,28.7,27.4,Elite,5999,Flexibility,Cardio,Trainer D,2,5,3.6,4,0,2024-01-12
GYM1098,Keerthana,Female,41,Pune,153.4,54.2,50.7,23.0,21.5,Premium,3499,Weight Loss,Cardio,Trainer C,1,35,3.5,8,0,2024-02-06
GYM1099,Lakshmi,Female,18,Coimbatore,172.7,79.2,77.4,26.6,26.0,Elite,5999,Flexibility,Swimming,Trainer B,1,31,1.8,10,0,2023-07-29
GYM1100,Viji,Female,18,Kolkata,168.8,63.6,59.6,22.3,20.9,Standard,1999,Weight Loss,Swimming,Trainer C,1,27,4.0,3,1,2022-02-08
GYM1101,Deepa,Female,18,Mumbai,153.2,65.1,57.0,27.7,24.3,Basic,999,Weight Loss,Zumba,Trainer B,4,25,8.1,6,0,2024-01-31
GYM1102,Lakshmi,Female,27,Coimbatore,163.0,52.2,45.9,19.6,17.3,Standard,1999,Endurance,CrossFit,No Trainer,3,27,6.3,1,0,2022-08-11
GYM1103,Deepa,Female,33,Coimbatore,162.1,73.5,58.4,28.0,22.2,Standard,1999,Flexibility,Swimming,Trainer C,6,35,15.1,6,0,2022-10-10
GYM1104,Karthik,Male,18,Mumbai,178.2,82.0,82.0,25.8,25.8,Elite,5999,Weight Loss,Swimming,No Trainer,1,2,0.0,6,0,2022-05-09
GYM1105,Karthik,Male,47,Mumbai,168.9,92.2,88.1,32.3,30.9,Standard,1999,General Fitness,Strength,Trainer C,5,10,4.1,1,0,2022-05-29
GYM1106,Sanjay,Male,52,Coimbatore,182.0,75.0,72.8,22.6,22.0,Premium,3499,Muscle Gain,Swimming,Trainer A,1,9,2.2,6,0,2022-09-01
GYM1107,Priya,Female,38,Chennai,168.9,53.4,49.7,18.7,17.4,Standard,1999,Flexibility,Strength,Trainer D,1,34,3.7,2,0,2024-03-07
GYM1108,Nisha,Female,42,Mumbai,143.9,50.8,45.7,24.5,22.1,Basic,999,Endurance,Zumba,Trainer A,3,34,5.1,8,0,2022-02-01
GYM1109,Mohan,Male,29,Coimbatore,173.7,96.0,95.5,31.8,31.7,Elite,5999,Endurance,CrossFit,Trainer D,1,5,0.5,6,0,2022-03-09
GYM1110,Suresh,Male,48,Delhi,157.0,57.6,55.4,23.4,22.5,Premium,3499,Endurance,CrossFit,No Trainer,1,28,2.2,2,0,2023-10-29
GYM1111,Ganesh,Male,35,Pune,167.7,53.2,45.0,18.9,16.0,Elite,5999,Muscle Gain,Yoga,Trainer D,4,26,8.2,2,0,2022-11-17
GYM1112,Anita,Female,18,Coimbatore,163.4,69.4,68.9,26.0,25.8,Standard,1999,Endurance,Cardio,Trainer A,4,6,0.5,2,0,2023-01-17
GYM1113,Sanjay,Male,26,Hyderabad,159.5,77.2,69.3,30.3,27.2,Basic,999,General Fitness,Swimming,Trainer A,3,27,7.9,7,0,2024-01-09
GYM1114,Suresh,Male,22,Coimbatore,172.0,71.6,70.5,24.2,23.8,Premium,3499,Flexibility,Zumba,No Trainer,2,14,1.1,8,0,2022-04-21
GYM1115,Keerthana,Female,30,Delhi,149.7,58.4,49.0,26.1,21.9,Premium,3499,Weight Loss,Zumba,Trainer B,5,28,9.4,10,0,2023-10-21
GYM1116,Rajesh,Male,51,Bangalore,168.3,69.6,64.0,24.6,22.6,Premium,3499,Weight Loss,Yoga,Trainer C,3,22,5.6,1,1,2022-05-27
GYM1117,Divya,Female,30,Coimbatore,156.2,72.4,66.8,29.7,27.4,Standard,1999,Weight Loss,Swimming,No Trainer,4,14,5.6,7,0,2022-06-11
GYM1118,Meena,Female,26,Coimbatore,153.4,61.7,60.8,26.2,25.8,Premium,3499,General Fitness,Cardio,Trainer B,5,11,0.9,1,0,2022-10-06
GYM1119,Rekha,Female,18,Kolkata,168.9,84.7,79.5,29.7,27.9,Elite,5999,Endurance,CrossFit,Trainer C,5,14,5.2,2,0,2022-04-24
GYM1120,Rekha,Female,37,Delhi,160.5,101.9,89.8,39.6,34.9,Elite,5999,General Fitness,Cardio,Trainer B,5,26,12.1,1,1,2022-11-05
GYM1121,Praveen,Male,30,Delhi,160.4,58.7,58.1,22.8,22.6,Standard,1999,Flexibility,Yoga,Trainer A,4,1,0.6,7,0,2023-01-25
GYM1122,Sanjay,Male,24,Pune,156.6,70.2,69.6,28.6,28.4,Premium,3499,Weight Loss,Swimming,Trainer A,1,28,0.6,8,0,2024-06-01
GYM1123,Lakshmi,Female,48,Pune,165.1,64.9,61.2,23.8,22.5,Elite,5999,General Fitness,Swimming,Trainer D,1,19,3.7,7,1,2022-11-29
GYM1124,Praveen,Male,32,Coimbatore,161.1,96.3,90.4,37.1,34.8,Elite,5999,Flexibility,CrossFit,Trainer A,4,16,5.9,10,0,2022-03-22
GYM1125,Keerthana,Female,21,Mumbai,156.5,54.5,54.5,22.3,22.3,Premium,3499,Flexibility,Yoga,Trainer B,5,5,0.0,2,0,2022-07-18
GYM1126,Anita,Female,41,Coimbatore,173.3,48.2,45.3,16.0,15.1,Standard,1999,Muscle Gain,Strength,Trainer C,2,13,2.9,10,0,2024-02-17
GYM1127,Ramesh,Male,25,Kolkata,164.1,70.9,62.1,26.3,23.1,Elite,5999,Endurance,Swimming,No Trainer,6,21,8.8,6,0,2022-03-11
GYM1128,Deepa,Female,32,Chennai,151.4,68.2,67.1,29.8,29.3,Premium,3499,Flexibility,Yoga,No Trainer,3,5,1.1,8,0,2022-02-28
GYM1129,Keerthana,Female,29,Coimbatore,150.7,58.1,46.4,25.6,20.4,Premium,3499,Weight Loss,Zumba,No Trainer,4,33,11.7,8,0,2024-03-21
GYM1130,Mohan,Male,37,Kolkata,160.2,79.2,76.8,30.9,29.9,Standard,1999,Flexibility,Zumba,Trainer B,4,4,2.4,2,0,2024-05-07
GYM1131,Saranya,Female,18,Bangalore,162.3,57.0,46.9,21.6,17.8,Basic,999,General Fitness,Cardio,Trainer B,4,29,10.1,9,0,2022-06-12
GYM1132,Anita,Female,24,Pune,143.6,45.5,43.5,22.1,21.1,Premium,3499,Endurance,Yoga,No Trainer,6,4,2.0,6,0,2022-04-07
GYM1133,Meena,Female,34,Bangalore,150.8,72.7,72.7,32.0,32.0,Premium,3499,General Fitness,Yoga,Trainer A,3,10,0.0,5,0,2023-12-17
GYM1134,Sneha,Female,31,Pune,148.3,57.2,52.8,26.0,24.0,Basic,999,Flexibility,Swimming,Trainer C,6,9,4.4,9,0,2023-11-18
GYM1135,Nisha,Female,23,Hyderabad,154.9,77.1,74.6,32.1,31.1,Premium,3499,Weight Loss,Yoga,Trainer B,3,14,2.5,8,0,2022-05-21
GYM1136,Karthik,Male,40,Chennai,159.0,84.4,78.6,33.4,31.1,Premium,3499,Weight Loss,Swimming,Trainer C,5,9,5.8,7,0,2022-07-05
GYM1137,Dinesh,Male,18,Pune,161.6,84.9,73.6,32.5,28.2,Elite,5999,Weight Loss,Yoga,Trainer B,5,29,11.3,5,0,2024-03-13
GYM1138,Kavya,Female,35,Kolkata,153.2,66.0,57.0,28.1,24.3,Standard,1999,Flexibility,Strength,Trainer C,4,29,9.0,5,0,2023-05-30
GYM1139,Sneha,Female,43,Bangalore,160.0,69.1,62.3,27.0,24.3,Standard,1999,General Fitness,Yoga,Trainer A,3,31,6.8,9,0,2023-12-30
GYM1140,Suresh,Male,27,Delhi,164.5,82.7,80.1,30.6,29.6,Basic,999,Muscle Gain,CrossFit,No Trainer,4,10,2.6,2,0,2022-08-16
GYM1141,Viji,Female,34,Pune,174.6,75.5,68.1,24.8,22.3,Premium,3499,Weight Loss,Cardio,Trainer D,3,33,7.4,4,0,2022-03-25
GYM1142,Kavya,Female,44,Coimbatore,154.7,40.5,40.4,16.9,16.9,Basic,999,Flexibility,Swimming,Trainer C,2,10,0.1,1,0,2024-04-29
GYM1143,Saranya,Female,18,Kolkata,155.2,65.2,62.2,27.1,25.8,Standard,1999,Endurance,Zumba,Trainer A,1,6,3.0,5,0,2022-06-03
GYM1144,Divya,Female,35,Delhi,156.2,75.0,73.2,30.7,30.0,Premium,3499,Muscle Gain,Cardio,Trainer A,4,16,1.8,10,0,2022-04-24
GYM1145,Lakshmi,Female,34,Mumbai,164.2,47.3,39.5,17.5,14.7,Basic,999,General Fitness,Swimming,Trainer B,4,19,7.8,1,0,2022-09-04
GYM1146,Sneha,Female,35,Hyderabad,154.7,72.6,55.2,30.3,23.1,Basic,999,General Fitness,Cardio,No Trainer,5,35,17.4,9,0,2023-02-04
GYM1147,Priya,Female,33,Delhi,160.0,59.5,58.9,23.2,23.0,Elite,5999,Flexibility,Swimming,Trainer A,1,23,0.6,6,0,2023-11-04
GYM1148,Praveen,Male,40,Chennai,161.2,78.9,69.1,30.4,26.6,Premium,3499,Muscle Gain,Yoga,No Trainer,6,22,9.8,3,0,2023-12-03
GYM1149,Saranya,Female,36,Bangalore,160.7,77.5,77.5,30.0,30.0,Elite,5999,Muscle Gain,Cardio,Trainer D,3,3,0.0,4,1,2022-07-24
GYM1150,Arjun,Male,29,Pune,160.2,72.7,70.8,28.3,27.6,Premium,3499,General Fitness,Zumba,Trainer D,1,17,1.9,4,0,2024-06-01
GYM1151,Harish,Male,39,Coimbatore,160.6,88.4,73.9,34.3,28.7,Premium,3499,Flexibility,Yoga,Trainer D,6,26,14.5,8,0,2023-01-31
GYM1152,Sneha,Female,36,Hyderabad,173.0,55.7,54.7,18.6,18.3,Elite,5999,Endurance,Zumba,Trainer C,6,6,1.0,7,0,2023-09-09
GYM1153,Sanjay,Male,18,Coimbatore,180.0,85.9,81.4,26.5,25.1,Premium,3499,Flexibility,Cardio,Trainer C,3,19,4.5,8,0,2023-03-13
GYM1154,Dinesh,Male,34,Kolkata,159.0,107.3,100.4,42.4,39.7,Elite,5999,Flexibility,Cardio,Trainer C,3,28,6.9,1,1,2023-10-15
GYM1155,Anita,Female,33,Bangalore,163.8,70.8,70.0,26.4,26.1,Standard,1999,Weight Loss,Zumba,Trainer D,2,3,0.8,2,0,2023-10-23
GYM1156,Anita,Female,24,Chennai,161.8,87.6,78.6,33.5,30.0,Elite,5999,General Fitness,Zumba,Trainer B,3,29,9.0,6,0,2022-03-20
GYM1157,Sanjay,Male,47,Hyderabad,163.9,66.1,65.0,24.6,24.2,Premium,3499,Endurance,Swimming,Trainer C,1,16,1.1,1,0,2023-05-27
GYM1158,Viji,Female,32,Delhi,166.8,44.7,36.8,16.1,13.2,Basic,999,Flexibility,Swimming,Trainer D,5,14,7.9,5,0,2023-05-18
GYM1159,Karthik,Male,30,Kolkata,164.6,65.9,65.5,24.3,24.2,Standard,1999,Weight Loss,Strength,Trainer D,6,6,0.4,6,0,2023-12-28
GYM1160,Sanjay,Male,40,Bangalore,168.6,62.5,54.8,22.0,19.3,Premium,3499,Flexibility,Swimming,Trainer B,5,24,7.7,4,0,2022-07-25
GYM1161,Vijay,Male,28,Hyderabad,181.4,74.9,69.5,22.8,21.1,Elite,5999,Weight Loss,Zumba,No Trainer,4,24,5.4,9,0,2022-03-30
GYM1162,Suresh,Male,29,Pune,165.8,45.6,44.9,16.6,16.3,Elite,5999,Endurance,CrossFit,No Trainer,2,5,0.7,6,0,2023-04-06
GYM1163,Rekha,Female,29,Bangalore,163.6,87.2,82.9,32.6,31.0,Premium,3499,Muscle Gain,Strength,Trainer D,1,33,4.3,2,0,2022-11-08
GYM1164,Ramesh,Male,29,Hyderabad,159.1,108.9,107.4,43.0,42.4,Premium,3499,Muscle Gain,Zumba,Trainer C,3,6,1.5,4,0,2023-07-19
GYM1165,Sneha,Female,32,Coimbatore,157.8,67.4,66.0,27.1,26.5,Premium,3499,General Fitness,Zumba,Trainer B,2,10,1.4,10,0,2023-09-12
GYM1166,Keerthana,Female,26,Coimbatore,153.6,64.6,57.3,27.4,24.3,Basic,999,Weight Loss,Cardio,No Trainer,6,17,7.3,4,0,2023-03-03
GYM1167,Mohan,Male,24,Kolkata,168.9,74.9,66.2,26.3,23.2,Premium,3499,Flexibility,Strength,Trainer D,4,20,8.7,2,0,2022-06-11
GYM1168,Pooja,Female,18,Mumbai,166.7,80.0,80.0,28.8,28.8,Elite,5999,Endurance,Yoga,No Trainer,3,10,0.0,6,0,2024-05-31
GYM1169,Pooja,Female,28,Coimbatore,155.0,48.1,46.9,20.0,19.5,Standard,1999,Flexibility,Yoga,Trainer B,1,30,1.2,5,0,2022-05-25
GYM1170,Arun,Male,20,Pune,182.0,89.2,78.9,26.9,23.8,Premium,3499,Endurance,Strength,Trainer B,5,21,10.3,6,0,2022-06-13
GYM1171,Nisha,Female,39,Delhi,149.0,58.7,56.0,26.4,25.2,Elite,5999,Endurance,CrossFit,Trainer A,4,6,2.7,9,0,2022-09-04
GYM1172,Rajesh,Male,19,Chennai,173.7,75.1,68.2,24.9,22.6,Premium,3499,Weight Loss,Yoga,Trainer D,3,31,6.9,9,1,2022-04-21
GYM1173,Sneha,Female,39,Pune,161.6,60.7,56.9,23.2,21.8,Premium,3499,Flexibility,Yoga,Trainer A,1,26,3.8,10,0,2023-01-07
GYM1174,Divya,Female,21,Kolkata,162.9,72.1,71.3,27.2,26.9,Elite,5999,General Fitness,Zumba,Trainer C,2,8,0.8,2,0,2024-03-24
GYM1175,Nisha,Female,35,Mumbai,148.0,76.1,66.0,34.7,30.1,Premium,3499,Muscle Gain,Zumba,No Trainer,5,26,10.1,1,1,2022-05-21
GYM1176,Bharathi,Female,26,Kolkata,166.4,56.5,53.3,20.4,19.2,Elite,5999,General Fitness,Strength,No Trainer,2,33,3.2,6,0,2022-11-23
GYM1177,Ganesh,Male,18,Hyderabad,172.8,62.6,48.8,21.0,16.3,Premium,3499,General Fitness,Zumba,No Trainer,4,35,13.8,10,0,2024-04-15
GYM1178,Arjun,Male,18,Pune,181.6,80.5,79.8,24.4,24.2,Premium,3499,Weight Loss,Zumba,Trainer C,5,2,0.7,8,0,2023-11-03
GYM1179,Dinesh,Male,26,Kolkata,171.2,77.5,71.8,26.4,24.5,Basic,999,General Fitness,Strength,No Trainer,2,25,5.7,4,1,2023-12-19
GYM1180,Vijay,Male,33,Hyderabad,169.2,73.6,60.7,25.7,21.2,Basic,999,Endurance,CrossFit,Trainer B,6,27,12.9,4,0,2024-03-04
GYM1181,Keerthana,Female,35,Mumbai,144.3,48.8,35.3,23.4,17.0,Basic,999,Muscle Gain,Zumba,Trainer C,5,31,13.5,7,0,2022-06-27
GYM1182,Viji,Female,33,Hyderabad,156.5,65.2,59.7,26.6,24.4,Premium,3499,General Fitness,Swimming,Trainer C,2,31,5.5,4,0,2022-11-02
GYM1183,Suresh,Male,26,Kolkata,161.8,80.4,72.7,30.7,27.8,Premium,3499,Muscle Gain,Yoga,Trainer D,5,23,7.7,5,0,2023-08-11
GYM1184,Viji,Female,36,Bangalore,144.4,77.3,67.5,37.1,32.4,Elite,5999,Flexibility,Yoga,Trainer A,6,19,9.8,2,0,2023-03-29
GYM1185,Saranya,Female,34,Mumbai,165.9,85.0,66.2,30.9,24.1,Elite,5999,Muscle Gain,Zumba,Trainer C,6,36,18.8,5,0,2023-09-23
GYM1186,Vijay,Male,18,Mumbai,157.8,70.5,70.1,28.3,28.2,Basic,999,General Fitness,Swimming,Trainer B,1,4,0.4,7,0,2023-04-29
GYM1187,Vikram,Male,37,Bangalore,162.2,80.2,66.5,30.5,25.3,Standard,1999,Weight Loss,CrossFit,Trainer D,6,31,13.7,4,0,2022-10-22
GYM1188,Meena,Female,25,Mumbai,146.7,53.9,52.1,25.0,24.2,Basic,999,Weight Loss,Zumba,Trainer A,4,12,1.8,3,0,2022-02-07
GYM1189,Bharathi,Female,22,Delhi,166.4,53.6,41.7,19.4,15.1,Elite,5999,Muscle Gain,Cardio,Trainer A,5,20,11.9,10,0,2022-12-10
GYM1190,Deepa,Female,36,Kolkata,159.5,54.7,51.7,21.5,20.3,Elite,5999,Muscle Gain,Yoga,Trainer B,3,8,3.0,3,0,2023-10-26
GYM1191,Saranya,Female,26,Hyderabad,159.0,95.7,93.8,37.9,37.1,Standard,1999,Weight Loss,Yoga,No Trainer,2,13,1.9,10,0,2023-02-20
GYM1192,Nisha,Female,43,Pune,152.4,64.6,60.0,27.8,25.8,Premium,3499,Weight Loss,Swimming,Trainer A,2,12,4.6,8,0,2022-09-12
GYM1193,Suresh,Male,25,Kolkata,182.5,86.5,79.3,26.0,23.8,Elite,5999,Muscle Gain,Yoga,Trainer C,5,20,7.2,10,1,2023-11-01
GYM1194,Saranya,Female,38,Coimbatore,165.8,72.5,71.3,26.4,25.9,Standard,1999,Weight Loss,CrossFit,Trainer C,4,11,1.2,9,0,2023-12-22
GYM1195,Saranya,Female,24,Hyderabad,156.0,64.1,60.8,26.3,25.0,Basic,999,Flexibility,Zumba,Trainer B,2,15,3.3,8,0,2024-02-05
GYM1196,Pooja,Female,33,Mumbai,147.3,69.6,66.3,32.1,30.6,Elite,5999,General Fitness,Strength,No Trainer,5,6,3.3,8,0,2023-01-06
GYM1197,Manoj,Male,37,Mumbai,176.6,88.0,85.7,28.2,27.5,Basic,999,Weight Loss,Zumba,No Trainer,2,10,2.3,6,0,2023-03-29
GYM1198,Vikram,Male,31,Kolkata,154.7,83.2,80.6,34.8,33.7,Standard,1999,General Fitness,Cardio,No Trainer,1,29,2.6,8,0,2023-03-02
GYM1199,Lakshmi,Female,34,Kolkata,147.8,52.0,49.8,23.8,22.8,Basic,999,General Fitness,Swimming,Trainer C,4,2,2.2,5,0,2024-02-03
GYM1200,Rajesh,Male,31,Pune,173.5,78.3,75.5,26.0,25.1,Basic,999,Weight Loss,Yoga,Trainer A,1,35,2.8,2,0,2023-04-29
GYM1201,Suresh,Male,41,Bangalore,163.9,79.2,72.2,29.5,26.9,Elite,5999,Muscle Gain,Swimming,Trainer D,4,24,7.0,8,0,2023-01-22
GYM1202,Divya,Female,27,Coimbatore,155.5,67.7,58.0,28.0,24.0,Standard,1999,Flexibility,Strength,No Trainer,5,26,9.7,3,0,2022-08-17
GYM1203,Praveen,Male,44,Kolkata,160.8,75.8,65.3,29.3,25.3,Basic,999,Flexibility,Swimming,No Trainer,5,28,10.5,7,0,2022-09-11
GYM1204,Anita,Female,46,Mumbai,159.6,77.4,77.4,30.4,30.4,Standard,1999,Flexibility,Swimming,Trainer A,6,3,0.0,7,0,2022-01-17
GYM1205,Vijay,Male,34,Chennai,175.1,79.0,76.8,25.8,25.0,Basic,999,Weight Loss,CrossFit,No Trainer,2,4,2.2,1,0,2022-08-28
GYM1206,Praveen,Male,26,Delhi,179.3,105.6,97.7,32.8,30.4,Basic,999,Muscle Gain,Strength,No Trainer,5,21,7.9,10,0,2024-04-18
GYM1207,Kavya,Female,27,Mumbai,169.6,84.0,83.3,29.2,29.0,Premium,3499,Muscle Gain,CrossFit,Trainer C,1,18,0.7,9,0,2024-06-19
GYM1208,Vikram,Male,27,Kolkata,165.7,61.9,53.3,22.5,19.4,Elite,5999,General Fitness,Cardio,Trainer C,5,25,8.6,6,0,2023-02-23
GYM1209,Suresh,Male,21,Kolkata,161.9,77.6,67.6,29.6,25.8,Elite,5999,Muscle Gain,Strength,Trainer B,6,20,10.0,3,0,2022-03-01
GYM1210,Pooja,Female,47,Mumbai,150.0,76.8,66.6,34.1,29.6,Standard,1999,Endurance,Yoga,Trainer B,6,22,10.2,2,0,2024-05-17
GYM1211,Divya,Female,31,Delhi,163.4,51.5,50.7,19.3,19.0,Standard,1999,Weight Loss,CrossFit,No Trainer,1,3,0.8,4,0,2023-08-25
GYM1212,Mohan,Male,33,Delhi,171.9,81.5,71.6,27.6,24.2,Standard,1999,Flexibility,Cardio,Trainer B,6,13,9.9,2,0,2024-02-12
GYM1213,Viji,Female,25,Mumbai,153.8,57.5,49.7,24.3,21.0,Standard,1999,General Fitness,CrossFit,Trainer B,3,36,7.8,5,0,2023-07-01
GYM1214,Meena,Female,25,Kolkata,167.5,82.0,75.4,29.2,26.9,Premium,3499,Flexibility,CrossFit,Trainer A,3,31,6.6,4,0,2023-02-28
GYM1215,Rajesh,Male,23,Chennai,171.8,71.4,64.0,24.2,21.7,Standard,1999,Muscle Gain,Yoga,No Trainer,3,27,7.4,3,0,2022-08-24
GYM1216,Lakshmi,Female,34,Hyderabad,145.9,83.6,70.7,39.3,33.2,Standard,1999,Endurance,Yoga,Trainer D,4,32,12.9,3,0,2022-12-27
GYM1217,Ramesh,Male,25,Chennai,164.9,81.4,78.5,29.9,28.9,Elite,5999,Muscle Gain,Zumba,Trainer A,6,5,2.9,1,0,2023-02-27
GYM1218,Harish,Male,38,Bangalore,184.1,75.9,66.5,22.4,19.6,Standard,1999,Weight Loss,Cardio,Trainer B,4,33,9.4,6,0,2023-10-16
GYM1219,Rekha,Female,18,Chennai,152.2,64.6,59.7,27.9,25.8,Elite,5999,Weight Loss,Zumba,No Trainer,1,27,4.9,1,0,2022-10-09
GYM1220,Priya,Female,26,Coimbatore,159.8,64.8,61.4,25.4,24.0,Elite,5999,Muscle Gain,Cardio,No Trainer,2,10,3.4,4,0,2022-09-16
GYM1221,Meena,Female,57,Hyderabad,153.8,59.1,49.9,25.0,21.1,Elite,5999,Weight Loss,CrossFit,Trainer D,6,16,9.2,4,0,2024-04-27
GYM1222,Vikram,Male,38,Pune,182.8,85.0,74.0,25.4,22.1,Basic,999,Weight Loss,CrossFit,Trainer D,4,36,11.0,1,0,2023-12-21
GYM1223,Karthik,Male,37,Hyderabad,176.9,87.8,84.3,28.1,26.9,Elite,5999,Endurance,Zumba,Trainer A,1,34,3.5,4,0,2024-06-07
GYM1224,Meena,Female,42,Delhi,167.4,81.6,80.1,29.1,28.6,Basic,999,Weight Loss,Zumba,No Trainer,2,3,1.5,6,1,2022-08-01
GYM1225,Praveen,Male,30,Delhi,169.2,92.5,87.3,32.3,30.5,Elite,5999,Weight Loss,Strength,No Trainer,5,16,5.2,7,0,2023-07-08
GYM1226,Pooja,Female,35,Hyderabad,154.9,65.3,58.9,27.2,24.5,Standard,1999,Weight Loss,Cardio,Trainer A,2,28,6.4,2,0,2024-02-27
GYM1227,Bharathi,Female,33,Delhi,158.4,48.7,44.0,19.4,17.5,Premium,3499,Weight Loss,CrossFit,Trainer D,3,15,4.7,9,0,2023-03-19
GYM1228,Vikram,Male,38,Delhi,185.3,74.3,72.5,21.6,21.1,Elite,5999,Weight Loss,Strength,Trainer A,3,6,1.8,3,0,2024-03-13
GYM1229,Dinesh,Male,34,Hyderabad,180.6,76.9,76.2,23.6,23.4,Elite,5999,Flexibility,Cardio,Trainer A,3,1,0.7,8,0,2022-10-04
GYM1230,Ramesh,Male,38,Pune,169.5,72.6,57.9,25.3,20.2,Basic,999,Muscle Gain,CrossFit,No Trainer,5,36,14.7,7,0,2022-04-02
GYM1231,Nisha,Female,42,Hyderabad,149.8,66.6,61.6,29.7,27.5,Basic,999,General Fitness,CrossFit,Trainer A,4,19,5.0,7,0,2024-01-13
GYM1232,Rajesh,Male,43,Bangalore,155.8,71.3,65.9,29.4,27.1,Standard,1999,Endurance,Strength,Trainer C,3,20,5.4,8,0,2022-06-21
GYM1233,Meena,Female,47,Kolkata,157.5,58.3,52.8,23.5,21.3,Elite,5999,Flexibility,Cardio,Trainer C,2,17,5.5,8,0,2022-07-20
GYM1234,Divya,Female,18,Chennai,140.4,70.3,65.1,35.7,33.0,Standard,1999,Flexibility,CrossFit,Trainer C,3,25,5.2,8,0,2024-04-15
GYM1235,Suresh,Male,21,Mumbai,173.7,80.9,77.9,26.8,25.8,Premium,3499,General Fitness,CrossFit,Trainer C,4,12,3.0,6,0,2023-12-13
GYM1236,Lakshmi,Female,19,Pune,165.0,72.8,71.0,26.7,26.1,Standard,1999,Flexibility,Yoga,Trainer D,1,24,1.8,10,0,2023-07-13
GYM1237,Vikram,Male,50,Mumbai,159.4,59.7,59.1,23.5,23.3,Basic,999,Endurance,CrossFit,Trainer C,4,5,0.6,8,0,2022-11-07
GYM1238,Suresh,Male,31,Pune,169.9,75.1,62.2,26.0,21.5,Standard,1999,Endurance,Cardio,Trainer D,5,31,12.9,7,0,2024-06-09
GYM1239,Nisha,Female,19,Coimbatore,169.6,64.0,58.6,22.2,20.4,Basic,999,Flexibility,Cardio,Trainer B,2,23,5.4,10,1,2023-10-23
GYM1240,Bharathi,Female,35,Coimbatore,161.7,71.8,68.4,27.5,26.2,Premium,3499,Endurance,Cardio,Trainer A,2,17,3.4,9,0,2023-07-26
GYM1241,Mohan,Male,38,Kolkata,178.6,80.4,74.1,25.2,23.2,Premium,3499,Endurance,Swimming,No Trainer,2,33,6.3,6,0,2023-05-10
GYM1242,Suresh,Male,31,Coimbatore,179.5,69.9,61.7,21.7,19.1,Elite,5999,Weight Loss,Swimming,Trainer B,3,23,8.2,6,0,2022-07-31
GYM1243,Anita,Female,31,Kolkata,146.6,66.5,65.8,30.9,30.6,Elite,5999,Weight Loss,Swimming,Trainer D,1,21,0.7,5,1,2023-12-29
GYM1244,Arun,Male,40,Bangalore,162.8,72.6,70.0,27.4,26.4,Premium,3499,Weight Loss,Swimming,Trainer B,2,34,2.6,9,0,2023-07-28
GYM1245,Deepa,Female,27,Bangalore,138.6,46.0,42.8,23.9,22.3,Standard,1999,Endurance,Strength,Trainer D,1,26,3.2,10,0,2023-04-06
GYM1246,Pooja,Female,39,Mumbai,161.4,53.4,50.7,20.5,19.5,Basic,999,Muscle Gain,Yoga,Trainer A,5,7,2.7,3,0,2022-07-21
GYM1247,Divya,Female,31,Hyderabad,148.7,83.0,71.3,37.5,32.2,Premium,3499,Endurance,Zumba,Trainer D,5,26,11.7,2,0,2024-05-15
GYM1248,Lakshmi,Female,29,Coimbatore,158.2,67.5,67.5,27.0,27.0,Standard,1999,Flexibility,Swimming,Trainer B,1,21,0.0,4,0,2022-07-07
GYM1249,Saranya,Female,29,Pune,152.5,53.0,49.8,22.8,21.4,Standard,1999,General Fitness,CrossFit,No Trainer,5,9,3.2,7,0,2023-05-14
GYM1250,Sanjay,Male,49,Delhi,173.1,71.1,63.5,23.7,21.2,Standard,1999,Endurance,Strength,Trainer B,4,21,7.6,10,0,2023-01-03
GYM1251,Mohan,Male,45,Pune,175.4,78.7,69.4,25.6,22.6,Standard,1999,Muscle Gain,Zumba,No Trainer,4,32,9.3,8,0,2024-05-10
GYM1252,Deepa,Female,38,Chennai,161.1,75.7,74.0,29.2,28.5,Standard,1999,Weight Loss,Strength,Trainer C,3,3,1.7,4,0,2022-06-22
GYM1253,Lakshmi,Female,42,Coimbatore,153.7,80.8,73.3,34.2,31.0,Elite,5999,General Fitness,Zumba,Trainer A,5,18,7.5,6,0,2024-02-14
GYM1254,Praveen,Male,52,Mumbai,162.5,98.8,94.7,37.4,35.9,Elite,5999,General Fitness,CrossFit,Trainer A,3,16,4.1,1,0,2022-12-23
GYM1255,Mohan,Male,25,Mumbai,164.1,74.2,62.5,27.6,23.2,Basic,999,Muscle Gain,Swimming,No Trainer,6,23,11.7,10,0,2022-06-19
GYM1256,Praveen,Male,37,Chennai,163.4,77.7,66.1,29.1,24.8,Standard,1999,Muscle Gain,Zumba,Trainer C,3,35,11.6,10,0,2022-11-28
GYM1257,Meena,Female,49,Coimbatore,161.5,65.5,64.4,25.1,24.7,Premium,3499,General Fitness,Strength,Trainer D,3,4,1.1,3,0,2022-05-16
GYM1258,Ramesh,Male,38,Pune,159.8,74.9,68.8,29.3,26.9,Premium,3499,Muscle Gain,CrossFit,Trainer B,6,18,6.1,7,0,2022-03-19
GYM1259,Ganesh,Male,35,Kolkata,173.2,72.2,69.4,24.1,23.1,Premium,3499,Flexibility,CrossFit,Trainer C,6,1,2.8,2,0,2023-04-15
GYM1260,Keerthana,Female,19,Pune,146.3,67.7,61.6,31.6,28.8,Basic,999,General Fitness,Strength,Trainer D,4,14,6.1,5,0,2022-10-18
GYM1261,Nisha,Female,48,Kolkata,154.3,77.9,77.7,32.7,32.6,Standard,1999,General Fitness,Yoga,Trainer A,1,3,0.2,8,1,2024-05-28
GYM1262,Mohan,Male,30,Pune,175.1,85.8,85.0,28.0,27.7,Elite,5999,Weight Loss,Strength,Trainer B,2,20,0.8,5,1,2023-01-05
GYM1263,Divya,Female,46,Chennai,169.0,57.5,52.1,20.1,18.2,Premium,3499,Muscle Gain,CrossFit,Trainer C,4,15,5.4,2,0,2022-01-02
GYM1264,Mohan,Male,36,Mumbai,170.1,71.4,71.4,24.7,24.7,Basic,999,Muscle Gain,Zumba,Trainer D,1,1,0.0,6,0,2024-05-30
GYM1265,Saranya,Female,31,Coimbatore,167.4,71.5,69.2,25.5,24.7,Standard,1999,Endurance,Strength,Trainer D,6,6,2.3,2,0,2023-01-12
GYM1266,Sneha,Female,39,Bangalore,135.2,78.8,78.8,43.1,43.1,Elite,5999,Muscle Gain,Cardio,No Trainer,5,1,0.0,3,0,2024-01-10
GYM1267,Vikram,Male,28,Kolkata,159.0,62.5,59.6,24.7,23.6,Standard,1999,Endurance,Strength,Trainer A,2,7,2.9,2,0,2023-01-29
GYM1268,Pooja,Female,27,Mumbai,160.8,64.4,57.3,24.9,22.2,Premium,3499,Muscle Gain,Yoga,Trainer A,5,16,7.1,10,0,2023-09-15
GYM1269,Bharathi,Female,32,Mumbai,147.7,77.0,72.5,35.3,33.2,Basic,999,Flexibility,Zumba,No Trainer,2,33,4.5,7,0,2022-02-25
GYM1270,Mohan,Male,18,Mumbai,164.6,96.0,92.7,35.4,34.2,Elite,5999,Weight Loss,CrossFit,No Trainer,5,5,3.3,1,0,2022-11-21
GYM1271,Ganesh,Male,28,Bangalore,165.2,74.1,70.2,27.2,25.7,Elite,5999,Flexibility,CrossFit,Trainer A,5,2,3.9,2,1,2022-08-09
GYM1272,Manoj,Male,35,Delhi,171.4,90.4,81.4,30.8,27.7,Basic,999,Endurance,Swimming,No Trainer,4,27,9.0,7,0,2023-07-04
GYM1273,Suresh,Male,29,Coimbatore,166.4,77.1,73.2,27.8,26.4,Basic,999,Flexibility,Zumba,Trainer B,5,10,3.9,6,0,2023-10-12
GYM1274,Suresh,Male,39,Chennai,168.4,86.8,84.7,30.6,29.9,Elite,5999,Muscle Gain,Strength,Trainer A,1,28,2.1,8,0,2022-02-26
GYM1275,Rekha,Female,32,Chennai,142.0,76.0,75.3,37.7,37.3,Standard,1999,Weight Loss,Swimming,Trainer B,2,1,0.7,8,0,2023-06-20
GYM1276,Sneha,Female,41,Delhi,134.8,90.1,89.8,49.6,49.4,Premium,3499,Muscle Gain,Swimming,Trainer A,3,2,0.3,7,0,2022-03-07
GYM1277,Saranya,Female,43,Kolkata,149.7,72.4,72.4,32.3,32.3,Basic,999,Endurance,Zumba,Trainer C,4,4,0.0,10,0,2022-06-11
GYM1278,Bharathi,Female,25,Coimbatore,173.3,62.7,62.3,20.9,20.7,Basic,999,General Fitness,Strength,No Trainer,1,1,0.4,1,1,2023-04-29
GYM1279,Pooja,Female,40,Chennai,162.0,66.8,62.7,25.5,23.9,Standard,1999,Muscle Gain,Zumba,Trainer D,3,15,4.1,4,0,2024-01-08
GYM1280,Meena,Female,56,Hyderabad,157.5,67.4,65.2,27.2,26.3,Basic,999,General Fitness,Cardio,No Trainer,2,4,2.2,4,0,2022-02-17
GYM1281,Divya,Female,43,Delhi,167.5,72.7,62.9,25.9,22.4,Elite,5999,Flexibility,Yoga,Trainer A,4,36,9.8,1,0,2022-10-26
GYM1282,Saranya,Female,48,Hyderabad,148.8,68.6,63.5,31.0,28.7,Standard,1999,Endurance,Zumba,Trainer D,6,13,5.1,9,0,2022-09-09
GYM1283,Arun,Male,31,Mumbai,170.6,81.9,81.0,28.1,27.8,Elite,5999,Weight Loss,Zumba,Trainer C,3,1,0.9,1,0,2023-01-21
GYM1284,Divya,Female,48,Mumbai,161.6,62.1,60.0,23.8,23.0,Standard,1999,General Fitness,CrossFit,Trainer D,2,4,2.1,5,1,2022-08-26
GYM1285,Saranya,Female,43,Coimbatore,148.2,72.2,65.9,32.9,30.0,Premium,3499,Endurance,Zumba,Trainer A,2,33,6.3,7,1,2023-08-05
GYM1286,Ganesh,Male,29,Delhi,179.0,76.2,63.5,23.8,19.8,Standard,1999,Muscle Gain,Yoga,Trainer C,6,26,12.7,6,0,2022-10-06
GYM1287,Karthik,Male,30,Coimbatore,168.1,64.8,63.4,22.9,22.4,Standard,1999,Muscle Gain,Strength,Trainer A,4,11,1.4,8,0,2022-05-04
GYM1288,Bharathi,Female,47,Delhi,151.2,53.1,53.1,23.2,23.2,Standard,1999,Endurance,CrossFit,Trainer C,1,8,0.0,3,0,2022-11-08
GYM1289,Vijay,Male,25,Coimbatore,157.4,97.7,88.8,39.4,35.8,Premium,3499,Muscle Gain,Swimming,Trainer B,4,23,8.9,9,1,2022-11-03
GYM1290,Keerthana,Female,25,Pune,176.0,76.8,71.5,24.8,23.1,Standard,1999,Weight Loss,CrossFit,No Trainer,2,36,5.3,2,0,2024-04-03
GYM1291,Karthik,Male,18,Mumbai,186.3,61.3,57.5,17.7,16.6,Basic,999,Weight Loss,Strength,Trainer B,3,26,3.8,2,0,2022-09-23
GYM1292,Arun,Male,42,Kolkata,187.5,94.6,92.0,26.9,26.2,Basic,999,Muscle Gain,Strength,Trainer A,1,22,2.6,1,0,2022-02-21
GYM1293,Manoj,Male,37,Kolkata,174.8,87.1,82.2,28.5,26.9,Elite,5999,Endurance,Cardio,Trainer D,2,28,4.9,6,0,2022-07-11
GYM1294,Meena,Female,33,Chennai,157.5,56.0,48.7,22.6,19.6,Elite,5999,Muscle Gain,Zumba,No Trainer,6,16,7.3,5,0,2023-07-18
GYM1295,Priya,Female,18,Pune,157.2,53.1,48.5,21.5,19.6,Basic,999,Flexibility,Strength,Trainer D,6,13,4.6,9,0,2024-04-01
GYM1296,Ganesh,Male,33,Kolkata,179.1,89.0,83.4,27.7,26.0,Premium,3499,Endurance,Yoga,No Trainer,3,33,5.6,7,0,2022-01-27
GYM1297,Lakshmi,Female,22,Delhi,165.5,53.2,45.4,19.4,16.6,Standard,1999,Weight Loss,Cardio,Trainer D,3,34,7.8,10,0,2022-06-13
GYM1298,Vijay,Male,37,Chennai,160.3,79.3,75.3,30.9,29.3,Standard,1999,Flexibility,Strength,No Trainer,3,25,4.0,3,0,2023-08-30
GYM1299,Bharathi,Female,25,Chennai,160.6,45.9,41.2,17.8,16.0,Premium,3499,General Fitness,Swimming,Trainer C,5,10,4.7,4,0,2024-04-09
GYM1300,Nisha,Female,31,Kolkata,162.4,67.7,65.0,25.7,24.6,Premium,3499,Muscle Gain,Cardio,Trainer A,2,4,2.7,10,0,2023-06-24
GYM1301,Priya,Female,33,Mumbai,154.6,66.5,62.8,27.8,26.3,Premium,3499,General Fitness,Strength,Trainer C,3,12,3.7,1,1,2023-08-24
GYM1302,Praveen,Male,32,Hyderabad,168.3,69.6,60.2,24.6,21.3,Basic,999,General Fitness,Cardio,Trainer C,5,26,9.4,2,0,2022-11-27
GYM1303,Ramesh,Male,18,Hyderabad,182.0,63.1,60.5,19.0,18.3,Elite,5999,Endurance,Strength,No Trainer,2,23,2.6,10,0,2023-01-23
GYM1304,Saranya,Female,24,Bangalore,165.2,61.5,49.2,22.5,18.0,Premium,3499,Muscle Gain,Swimming,Trainer A,5,26,12.3,1,0,2022-11-22
GYM1305,Vikram,Male,25,Bangalore,170.2,68.0,60.9,23.5,21.0,Basic,999,Endurance,Yoga,Trainer A,3,16,7.1,6,0,2022-04-01
GYM1306,Deepa,Female,20,Mumbai,160.5,72.6,66.5,28.2,25.8,Basic,999,Flexibility,Strength,Trainer A,3,23,6.1,2,0,2022-02-19
GYM1307,Deepa,Female,30,Pune,157.0,65.5,56.5,26.6,22.9,Elite,5999,Muscle Gain,CrossFit,Trainer D,5,23,9.0,7,0,2023-05-06
GYM1308,Ramesh,Male,41,Chennai,185.7,71.3,68.3,20.7,19.8,Elite,5999,Weight Loss,Yoga,Trainer A,3,21,3.0,2,1,2022-06-24
GYM1309,Sneha,Female,31,Coimbatore,178.6,55.4,38.1,17.4,11.9,Basic,999,General Fitness,Yoga,No Trainer,6,31,17.3,1,0,2023-11-01
GYM1310,Rajesh,Male,48,Chennai,163.6,84.8,80.1,31.7,29.9,Elite,5999,Muscle Gain,Cardio,Trainer C,2,14,4.7,7,0,2024-01-10
GYM1311,Rekha,Female,28,Mumbai,156.4,58.0,49.1,23.7,20.1,Premium,3499,Flexibility,Cardio,Trainer A,5,26,8.9,9,0,2022-06-07
GYM1312,Arjun,Male,25,Coimbatore,158.2,78.4,74.6,31.3,29.8,Basic,999,Endurance,Yoga,No Trainer,2,31,3.8,2,1,2022-06-24
GYM1313,Divya,Female,34,Delhi,145.6,69.0,52.4,32.5,24.7,Elite,5999,Weight Loss,CrossFit,Trainer D,6,32,16.6,5,0,2023-07-12
GYM1314,Sneha,Female,18,Hyderabad,161.0,79.7,79.7,30.7,30.7,Premium,3499,Endurance,Strength,Trainer D,3,3,0.0,8,0,2022-08-20
GYM1315,Lakshmi,Female,48,Coimbatore,161.4,56.5,45.4,21.7,17.4,Basic,999,Muscle Gain,Cardio,Trainer C,4,35,11.1,10,0,2022-03-04
GYM1316,Keerthana,Female,37,Kolkata,158.6,71.5,65.4,28.4,26.0,Elite,5999,General Fitness,Zumba,Trainer B,3,31,6.1,2,0,2024-05-24
GYM1317,Sanjay,Male,33,Kolkata,156.7,76.7,75.8,31.2,30.9,Standard,1999,Weight Loss,Strength,Trainer B,2,14,0.9,3,1,2022-03-22
GYM1318,Kavya,Female,24,Delhi,167.9,78.1,75.3,27.7,26.7,Standard,1999,General Fitness,Yoga,Trainer A,4,6,2.8,9,0,2022-11-30
GYM1319,Nisha,Female,21,Pune,155.5,79.6,77.8,32.9,32.2,Elite,5999,Weight Loss,Cardio,Trainer D,2,10,1.8,10,0,2024-02-16
GYM1320,Manoj,Male,55,Coimbatore,171.1,80.3,73.4,27.4,25.1,Basic,999,General Fitness,Yoga,No Trainer,4,23,6.9,5,0,2023-05-13
GYM1321,Priya,Female,33,Pune,156.8,73.5,70.0,29.9,28.5,Standard,1999,Flexibility,Strength,No Trainer,1,26,3.5,7,0,2022-12-06
GYM1322,Arun,Male,24,Hyderabad,157.4,56.0,50.4,22.6,20.3,Elite,5999,Flexibility,Cardio,Trainer C,3,20,5.6,5,0,2024-05-28
GYM1323,Harish,Male,20,Delhi,150.8,82.7,73.9,36.4,32.5,Standard,1999,Muscle Gain,Swimming,Trainer D,3,21,8.8,7,0,2022-04-02
GYM1324,Mohan,Male,31,Kolkata,174.7,79.0,77.5,25.9,25.4,Standard,1999,Endurance,Zumba,Trainer C,5,4,1.5,3,1,2023-12-28
GYM1325,Sneha,Female,41,Mumbai,155.7,68.2,66.4,28.1,27.4,Basic,999,Muscle Gain,Strength,Trainer A,1,16,1.8,8,1,2023-01-05
GYM1326,Suresh,Male,25,Pune,175.9,75.9,75.9,24.5,24.5,Premium,3499,Endurance,Swimming,Trainer A,2,2,0.0,6,0,2023-04-02
GYM1327,Harish,Male,37,Hyderabad,160.8,78.3,70.2,30.3,27.1,Elite,5999,General Fitness,Yoga,Trainer B,6,17,8.1,2,0,2023-01-31
GYM1328,Ramesh,Male,42,Mumbai,171.8,77.7,67.8,26.3,23.0,Standard,1999,Muscle Gain,Swimming,Trainer B,6,18,9.9,7,0,2024-06-04
GYM1329,Mohan,Male,45,Chennai,172.5,78.1,70.5,26.2,23.7,Standard,1999,Muscle Gain,Strength,Trainer C,6,20,7.6,5,0,2023-01-21
GYM1330,Deepa,Female,21,Kolkata,155.6,57.7,47.6,23.8,19.7,Premium,3499,Muscle Gain,Yoga,No Trainer,5,26,10.1,2,1,2023-11-10
GYM1331,Nisha,Female,32,Coimbatore,162.2,64.2,58.2,24.4,22.1,Premium,3499,Flexibility,CrossFit,Trainer A,3,22,6.0,6,0,2022-09-25
GYM1332,Kavya,Female,32,Mumbai,142.2,53.7,41.4,26.6,20.5,Standard,1999,General Fitness,Cardio,No Trainer,6,26,12.3,6,0,2024-01-09
GYM1333,Vikram,Male,19,Delhi,172.8,96.4,82.6,32.3,27.7,Elite,5999,Flexibility,CrossFit,Trainer D,6,25,13.8,1,0,2023-08-09
GYM1334,Arjun,Male,29,Kolkata,179.9,79.8,72.4,24.7,22.4,Standard,1999,General Fitness,Swimming,Trainer C,3,33,7.4,3,0,2024-06-16
GYM1335,Suresh,Male,25,Bangalore,165.6,73.3,67.3,26.7,24.5,Basic,999,Endurance,Swimming,Trainer C,2,36,6.0,6,0,2022-08-16
GYM1336,Kavya,Female,33,Hyderabad,158.0,70.2,62.3,28.1,25.0,Premium,3499,Endurance,Yoga,Trainer C,4,19,7.9,2,0,2024-06-06
GYM1337,Mohan,Male,41,Coimbatore,156.1,47.4,37.8,19.5,15.5,Standard,1999,General Fitness,Swimming,Trainer D,3,34,9.6,7,1,2024-05-24
GYM1338,Ramesh,Male,18,Pune,166.2,64.0,64.0,23.2,23.2,Standard,1999,Flexibility,Zumba,Trainer D,3,10,0.0,3,0,2023-05-15
GYM1339,Rekha,Female,37,Chennai,164.1,58.1,58.1,21.6,21.6,Standard,1999,Flexibility,Cardio,Trainer D,2,18,0.0,3,0,2022-06-12
GYM1340,Bharathi,Female,26,Pune,161.1,47.3,38.7,18.2,14.9,Basic,999,Muscle Gain,Swimming,Trainer D,4,26,8.6,8,0,2022-02-08
GYM1341,Dinesh,Male,31,Hyderabad,172.6,79.4,79.4,26.7,26.7,Premium,3499,Weight Loss,Zumba,Trainer B,6,2,0.0,1,0,2022-09-12
GYM1342,Dinesh,Male,43,Bangalore,166.7,77.7,65.9,28.0,23.7,Premium,3499,Flexibility,Cardio,Trainer D,5,33,11.8,5,0,2024-04-23
GYM1343,Suresh,Male,27,Hyderabad,160.9,75.9,66.3,29.3,25.6,Premium,3499,Endurance,CrossFit,Trainer B,4,22,9.6,6,0,2022-06-18
GYM1344,Priya,Female,18,Bangalore,145.1,82.7,77.7,39.3,36.9,Standard,1999,Muscle Gain,Strength,Trainer A,2,33,5.0,2,0,2023-10-29
GYM1345,Ganesh,Male,25,Chennai,176.3,70.7,64.6,22.7,20.8,Premium,3499,General Fitness,Zumba,Trainer A,6,7,6.1,1,1,2022-04-29
GYM1346,Deepa,Female,38,Delhi,154.1,90.9,85.1,38.3,35.8,Elite,5999,Weight Loss,CrossFit,Trainer B,6,14,5.8,1,0,2023-11-09
GYM1347,Vikram,Male,39,Bangalore,170.4,93.6,75.4,32.2,26.0,Premium,3499,General Fitness,CrossFit,Trainer A,6,33,18.2,10,0,2022-04-27
GYM1348,Mohan,Male,32,Mumbai,162.0,83.5,81.4,31.8,31.0,Standard,1999,General Fitness,Yoga,No Trainer,3,13,2.1,7,0,2022-02-10
GYM1349,Viji,Female,52,Hyderabad,159.1,60.6,59.8,23.9,23.6,Standard,1999,Endurance,Strength,Trainer A,6,1,0.8,2,0,2024-05-05
GYM1350,Sneha,Female,18,Coimbatore,150.2,79.4,72.2,35.2,32.0,Basic,999,General Fitness,Swimming,Trainer A,6,17,7.2,4,0,2022-10-31
GYM1351,Deepa,Female,21,Bangalore,162.3,79.2,66.6,30.1,25.3,Basic,999,Weight Loss,Cardio,Trainer C,6,24,12.6,6,0,2022-04-29
GYM1352,Harish,Male,41,Bangalore,161.9,60.9,53.4,23.2,20.4,Basic,999,Weight Loss,Swimming,Trainer B,3,22,7.5,8,0,2022-10-02
GYM1353,Arjun,Male,28,Coimbatore,166.0,93.9,85.9,34.1,31.2,Premium,3499,Muscle Gain,CrossFit,Trainer D,3,30,8.0,7,0,2023-05-05
GYM1354,Rekha,Female,36,Bangalore,175.3,57.3,55.0,18.6,17.9,Standard,1999,Weight Loss,Swimming,Trainer A,1,11,2.3,7,0,2023-05-10
GYM1355,Sneha,Female,32,Chennai,160.1,83.3,72.6,32.5,28.3,Elite,5999,Flexibility,Swimming,Trainer B,4,31,10.7,2,0,2023-03-28
GYM1356,Karthik,Male,37,Chennai,176.6,73.6,67.7,23.6,21.7,Premium,3499,Flexibility,Swimming,No Trainer,6,15,5.9,6,0,2023-12-06
GYM1357,Ganesh,Male,21,Hyderabad,152.3,102.7,100.4,44.3,43.3,Standard,1999,Endurance,Swimming,Trainer D,5,10,2.3,10,0,2023-10-21
GYM1358,Sanjay,Male,29,Bangalore,165.8,81.7,77.1,29.7,28.0,Elite,5999,Endurance,Cardio,Trainer D,2,21,4.6,6,0,2022-02-21
GYM1359,Sanjay,Male,40,Mumbai,163.3,76.0,64.0,28.5,24.0,Elite,5999,Endurance,Cardio,Trainer D,5,29,12.0,8,0,2023-05-26
GYM1360,Anita,Female,29,Chennai,170.9,70.9,67.6,24.3,23.1,Basic,999,Endurance,Cardio,Trainer D,1,27,3.3,9,0,2024-04-25
GYM1361,Praveen,Male,38,Mumbai,177.4,80.2,76.9,25.5,24.4,Premium,3499,General Fitness,Swimming,Trainer D,3,22,3.3,1,0,2024-05-14
GYM1362,Anita,Female,35,Kolkata,152.8,58.7,56.6,25.1,24.2,Elite,5999,Flexibility,Cardio,Trainer A,1,15,2.1,6,0,2023-10-11
GYM1363,Nisha,Female,44,Chennai,158.2,68.7,61.8,27.5,24.7,Premium,3499,Weight Loss,Strength,Trainer D,6,9,6.9,7,0,2023-09-18
GYM1364,Vijay,Male,34,Mumbai,188.8,84.8,84.8,23.8,23.8,Basic,999,Endurance,CrossFit,Trainer B,1,22,0.0,7,1,2023-10-11
GYM1365,Praveen,Male,39,Bangalore,171.0,93.5,76.2,32.0,26.1,Elite,5999,Endurance,CrossFit,Trainer A,6,34,17.3,1,0,2023-03-20
GYM1366,Viji,Female,30,Bangalore,148.2,62.5,61.5,28.5,28.0,Standard,1999,General Fitness,Swimming,Trainer B,4,7,1.0,10,0,2022-11-26
GYM1367,Pooja,Female,26,Pune,162.7,85.0,79.8,32.1,30.1,Standard,1999,Flexibility,Yoga,Trainer C,2,29,5.2,3,0,2023-12-18
GYM1368,Keerthana,Female,20,Mumbai,161.6,79.4,71.2,30.4,27.3,Premium,3499,General Fitness,Strength,Trainer B,6,19,8.2,6,0,2022-05-16
GYM1369,Sanjay,Male,30,Hyderabad,168.1,68.6,54.7,24.3,19.4,Premium,3499,Weight Loss,Zumba,Trainer D,6,27,13.9,9,0,2024-05-17
GYM1370,Bharathi,Female,30,Coimbatore,161.4,54.4,54.3,20.9,20.8,Basic,999,General Fitness,Cardio,Trainer D,1,10,0.1,1,1,2024-02-08
GYM1371,Suresh,Male,39,Chennai,165.0,98.7,93.7,36.3,34.4,Premium,3499,Muscle Gain,Swimming,Trainer C,5,14,5.0,1,0,2023-04-09
GYM1372,Rajesh,Male,34,Pune,175.5,61.0,54.5,19.8,17.7,Standard,1999,General Fitness,Strength,No Trainer,6,19,6.5,1,0,2023-02-01
GYM1373,Bharathi,Female,18,Chennai,168.1,58.4,49.4,20.7,17.5,Premium,3499,General Fitness,Cardio,Trainer C,5,13,9.0,8,0,2023-10-11
GYM1374,Bharathi,Female,26,Delhi,159.5,83.5,79.7,32.8,31.3,Standard,1999,Muscle Gain,CrossFit,Trainer B,2,5,3.8,3,0,2022-05-03
GYM1375,Priya,Female,52,Delhi,167.7,77.3,75.1,27.5,26.7,Elite,5999,Flexibility,Strength,Trainer B,1,17,2.2,6,0,2022-06-08
GYM1376,Ramesh,Male,39,Chennai,163.6,68.2,61.8,25.5,23.1,Premium,3499,General Fitness,Swimming,No Trainer,4,20,6.4,10,0,2022-03-16
GYM1377,Nisha,Female,30,Coimbatore,154.4,73.4,61.2,30.8,25.7,Standard,1999,Muscle Gain,Zumba,Trainer B,5,27,12.2,9,0,2022-12-24
GYM1378,Manoj,Male,32,Hyderabad,179.8,64.3,59.0,19.9,18.3,Standard,1999,Flexibility,Yoga,Trainer C,5,14,5.3,9,0,2023-07-29
GYM1379,Karthik,Male,24,Mumbai,153.1,77.0,75.9,32.9,32.4,Premium,3499,Endurance,Swimming,No Trainer,1,16,1.1,6,0,2024-03-26
GYM1380,Ganesh,Male,47,Delhi,173.0,65.7,53.3,22.0,17.8,Premium,3499,General Fitness,Cardio,No Trainer,5,24,12.4,9,0,2022-02-14
GYM1381,Viji,Female,44,Coimbatore,162.7,62.3,49.7,23.5,18.8,Standard,1999,Flexibility,Cardio,Trainer B,5,35,12.6,1,0,2022-08-04
GYM1382,Harish,Male,28,Mumbai,176.7,100.6,95.9,32.2,30.7,Elite,5999,Weight Loss,Zumba,Trainer D,6,5,4.7,3,1,2024-01-05
GYM1383,Priya,Female,27,Chennai,149.0,66.7,66.5,30.0,30.0,Basic,999,Weight Loss,Strength,Trainer C,1,36,0.2,10,0,2022-09-22
GYM1384,Pooja,Female,35,Pune,156.8,59.4,49.8,24.2,20.3,Elite,5999,Endurance,Yoga,Trainer A,6,25,9.6,2,0,2023-10-19
GYM1385,Praveen,Male,37,Hyderabad,163.7,64.0,59.2,23.9,22.1,Basic,999,Weight Loss,Zumba,Trainer A,6,19,4.8,5,0,2022-10-16
GYM1386,Pooja,Female,31,Kolkata,172.2,84.9,83.2,28.6,28.1,Elite,5999,Weight Loss,Strength,No Trainer,2,15,1.7,7,0,2024-05-19
GYM1387,Rekha,Female,25,Hyderabad,161.8,53.0,46.8,20.2,17.9,Standard,1999,Flexibility,Cardio,No Trainer,2,36,6.2,2,1,2023-08-10
GYM1388,Nisha,Female,39,Mumbai,167.8,63.8,59.6,22.7,21.2,Basic,999,Flexibility,Swimming,Trainer C,4,14,4.2,9,0,2022-07-08
GYM1389,Rajesh,Male,23,Coimbatore,161.4,75.3,73.1,28.9,28.1,Premium,3499,Muscle Gain,Strength,No Trainer,5,4,2.2,8,0,2022-03-16
GYM1390,Rekha,Female,41,Coimbatore,151.6,82.9,75.6,36.1,32.9,Basic,999,Flexibility,Strength,No Trainer,3,32,7.3,6,0,2023-11-03
GYM1391,Karthik,Male,31,Coimbatore,162.0,48.9,37.3,18.6,14.2,Premium,3499,General Fitness,Strength,Trainer C,4,32,11.6,6,0,2022-11-10
GYM1392,Rajesh,Male,39,Pune,165.7,78.8,74.7,28.7,27.2,Premium,3499,Flexibility,Strength,Trainer A,2,21,4.1,4,0,2023-10-19
GYM1393,Meena,Female,18,Hyderabad,153.8,74.5,69.4,31.5,29.3,Premium,3499,Muscle Gain,CrossFit,Trainer D,3,29,5.1,5,0,2022-04-22
GYM1394,Vikram,Male,34,Bangalore,157.1,83.6,75.5,33.9,30.6,Basic,999,Flexibility,Zumba,Trainer B,6,17,8.1,2,0,2022-01-20
GYM1395,Harish,Male,18,Mumbai,177.3,69.2,63.6,22.0,20.2,Elite,5999,General Fitness,Cardio,No Trainer,5,17,5.6,9,0,2024-03-04
GYM1396,Arjun,Male,34,Delhi,177.2,65.8,52.5,21.0,16.7,Elite,5999,Muscle Gain,Strength,Trainer D,5,33,13.3,2,0,2023-05-30
GYM1397,Vikram,Male,36,Bangalore,173.5,80.1,76.0,26.6,25.2,Standard,1999,General Fitness,Zumba,Trainer B,2,29,4.1,3,0,2023-08-03
GYM1398,Dinesh,Male,23,Chennai,168.7,65.1,65.1,22.9,22.9,Elite,5999,Flexibility,Strength,Trainer D,1,15,0.0,5,0,2022-02-13
GYM1399,Sanjay,Male,36,Kolkata,175.2,49.6,49.6,16.2,16.2,Premium,3499,Endurance,CrossFit,Trainer A,6,3,0.0,6,0,2023-06-18
GYM1400,Keerthana,Female,38,Bangalore,174.5,65.2,56.7,21.4,18.6,Premium,3499,General Fitness,CrossFit,Trainer D,5,24,8.5,2,0,2023-01-21
GYM1401,Sanjay,Male,30,Hyderabad,179.0,70.2,70.2,21.9,21.9,Elite,5999,Flexibility,CrossFit,Trainer D,5,1,0.0,3,0,2022-08-24
GYM1402,Sanjay,Male,27,Bangalore,160.4,79.5,67.5,30.9,26.2,Premium,3499,Muscle Gain,Strength,Trainer B,5,24,12.0,2,0,2023-03-01
GYM1403,Saranya,Female,35,Kolkata,156.0,61.5,58.6,25.3,24.1,Basic,999,Endurance,CrossFit,Trainer B,6,11,2.9,7,1,2022-02-14
GYM1404,Rajesh,Male,40,Chennai,167.4,75.8,70.4,27.0,25.1,Standard,1999,Muscle Gain,Zumba,Trainer B,2,4,5.4,5,0,2023-06-14
GYM1405,Lakshmi,Female,34,Coimbatore,152.0,59.9,48.3,25.9,20.9,Basic,999,Flexibility,Strength,Trainer D,4,31,11.6,3,0,2023-02-25
GYM1406,Praveen,Male,33,Delhi,156.5,89.0,78.0,36.3,31.8,Standard,1999,General Fitness,Strength,Trainer C,5,30,11.0,10,0,2023-01-23
GYM1407,Sneha,Female,50,Mumbai,166.6,59.6,53.4,21.5,19.2,Basic,999,Weight Loss,Zumba,No Trainer,2,27,6.2,10,0,2023-05-03
GYM1408,Manoj,Male,32,Kolkata,174.8,83.8,82.3,27.4,26.9,Basic,999,Weight Loss,Swimming,Trainer B,1,35,1.5,7,0,2023-01-15
GYM1409,Dinesh,Male,25,Kolkata,176.2,74.0,72.4,23.8,23.3,Elite,5999,Muscle Gain,CrossFit,Trainer C,4,7,1.6,3,0,2024-02-24
GYM1410,Manoj,Male,22,Pune,171.4,102.8,102.8,35.0,35.0,Basic,999,Flexibility,Yoga,Trainer B,6,1,0.0,1,0,2022-05-01
GYM1411,Ganesh,Male,32,Pune,179.3,77.0,73.1,24.0,22.7,Standard,1999,Flexibility,Yoga,Trainer A,4,10,3.9,10,0,2024-05-25
GYM1412,Lakshmi,Female,21,Delhi,161.4,62.8,56.8,24.1,21.8,Premium,3499,General Fitness,Swimming,Trainer D,4,14,6.0,9,0,2023-05-10
GYM1413,Arjun,Male,43,Delhi,188.7,85.0,72.0,23.9,20.2,Elite,5999,Flexibility,Zumba,Trainer C,6,26,13.0,3,0,2023-11-07
GYM1414,Dinesh,Male,33,Bangalore,165.2,82.1,72.0,30.1,26.4,Standard,1999,Endurance,Cardio,Trainer B,4,33,10.1,6,0,2023-09-21
GYM1415,Ramesh,Male,33,Coimbatore,178.5,65.9,62.0,20.7,19.5,Elite,5999,Weight Loss,Strength,Trainer D,1,28,3.9,2,0,2023-01-15
GYM1416,Rajesh,Male,45,Pune,167.1,52.5,44.3,18.8,15.9,Basic,999,Endurance,Zumba,No Trainer,6,19,8.2,10,0,2024-03-03
GYM1417,Vikram,Male,44,Chennai,167.8,66.0,63.7,23.4,22.6,Elite,5999,Endurance,Strength,No Trainer,2,19,2.3,1,0,2023-06-07
GYM1418,Rajesh,Male,40,Hyderabad,172.4,75.1,74.8,25.3,25.2,Standard,1999,Weight Loss,Strength,Trainer A,1,11,0.3,5,0,2022-12-28
GYM1419,Pooja,Female,28,Chennai,150.6,84.4,82.5,37.2,36.4,Standard,1999,General Fitness,Swimming,Trainer A,5,6,1.9,5,0,2023-07-27
GYM1420,Anita,Female,44,Mumbai,170.2,77.0,77.0,26.6,26.6,Premium,3499,Muscle Gain,CrossFit,Trainer D,3,1,0.0,3,0,2022-04-20
GYM1421,Sanjay,Male,36,Coimbatore,167.8,67.2,52.7,23.9,18.7,Premium,3499,Flexibility,Zumba,Trainer C,5,35,14.5,5,0,2023-01-22
GYM1422,Bharathi,Female,20,Kolkata,167.5,59.4,58.5,21.2,20.9,Standard,1999,Flexibility,Swimming,Trainer D,4,2,0.9,2,0,2023-01-27
GYM1423,Vikram,Male,34,Pune,165.9,85.0,82.9,30.9,30.1,Standard,1999,Flexibility,Yoga,No Trainer,1,35,2.1,5,0,2022-04-06
GYM1424,Rekha,Female,40,Bangalore,147.2,66.5,59.9,30.7,27.6,Premium,3499,Weight Loss,CrossFit,Trainer C,2,23,6.6,10,0,2024-02-04
GYM1425,Mohan,Male,21,Mumbai,162.6,84.2,81.5,31.8,30.8,Standard,1999,Muscle Gain,Yoga,Trainer B,2,15,2.7,4,0,2022-12-31
GYM1426,Praveen,Male,35,Coimbatore,171.9,85.6,83.5,29.0,28.3,Basic,999,Weight Loss,Swimming,Trainer D,5,1,2.1,1,0,2023-01-16
GYM1427,Deepa,Female,36,Bangalore,156.1,73.1,66.1,30.0,27.1,Premium,3499,Endurance,Zumba,Trainer C,2,26,7.0,10,0,2023-06-23
GYM1428,Deepa,Female,30,Hyderabad,150.2,78.3,76.1,34.7,33.7,Basic,999,General Fitness,CrossFit,Trainer B,1,30,2.2,9,0,2023-12-07
GYM1429,Arun,Male,18,Coimbatore,174.8,71.6,69.0,23.4,22.6,Standard,1999,Endurance,Yoga,Trainer C,2,17,2.6,9,0,2022-10-03
GYM1430,Lakshmi,Female,35,Bangalore,159.5,73.5,69.7,28.9,27.4,Premium,3499,Flexibility,CrossFit,Trainer D,4,14,3.8,6,0,2023-02-15
GYM1431,Deepa,Female,37,Bangalore,155.9,73.9,69.6,30.4,28.6,Standard,1999,General Fitness,Zumba,Trainer B,6,7,4.3,5,0,2023-07-23
GYM1432,Keerthana,Female,22,Bangalore,166.7,58.6,54.9,21.1,19.8,Elite,5999,Muscle Gain,Swimming,Trainer B,1,31,3.7,3,0,2022-05-18
GYM1433,Bharathi,Female,35,Delhi,172.7,62.3,61.5,20.9,20.6,Elite,5999,Flexibility,Zumba,No Trainer,4,4,0.8,2,0,2022-03-03
GYM1434,Harish,Male,31,Coimbatore,165.6,87.6,85.9,31.9,31.3,Premium,3499,Endurance,CrossFit,Trainer C,3,17,1.7,6,0,2024-04-09
GYM1435,Anita,Female,21,Coimbatore,149.5,76.4,68.6,34.2,30.7,Basic,999,Endurance,Yoga,No Trainer,5,13,7.8,10,0,2023-07-06
GYM1436,Praveen,Male,30,Hyderabad,166.6,78.8,61.7,28.4,22.2,Premium,3499,Flexibility,Swimming,No Trainer,6,32,17.1,8,0,2023-01-26
GYM1437,Deepa,Female,22,Hyderabad,159.9,76.7,73.9,30.0,28.9,Standard,1999,Muscle Gain,CrossFit,No Trainer,1,26,2.8,2,1,2022-08-22
GYM1438,Anita,Female,33,Pune,166.0,32.6,20.1,11.8,7.3,Premium,3499,Flexibility,Yoga,Trainer D,6,24,12.5,10,0,2023-04-07
GYM1439,Sneha,Female,25,Bangalore,143.4,71.1,60.9,34.6,29.6,Standard,1999,Weight Loss,Swimming,Trainer B,6,17,10.2,2,0,2023-02-11
GYM1440,Karthik,Male,30,Chennai,175.6,97.3,92.6,31.6,30.0,Basic,999,Endurance,Cardio,Trainer D,1,34,4.7,2,0,2022-06-09
GYM1441,Vikram,Male,48,Mumbai,173.9,78.9,67.4,26.1,22.3,Elite,5999,Flexibility,Strength,Trainer C,6,29,11.5,3,0,2024-05-08
GYM1442,Arun,Male,29,Hyderabad,161.3,104.1,96.0,40.0,36.9,Basic,999,Flexibility,CrossFit,Trainer D,3,35,8.1,9,0,2023-12-16
GYM1443,Rajesh,Male,33,Pune,172.4,78.5,71.2,26.4,24.0,Elite,5999,General Fitness,Zumba,No Trainer,3,20,7.3,8,0,2024-04-04
GYM1444,Mohan,Male,25,Pune,169.6,69.1,69.1,24.0,24.0,Premium,3499,Flexibility,Yoga,Trainer B,1,20,0.0,1,0,2024-02-16
GYM1445,Arjun,Male,25,Chennai,167.7,72.8,66.4,25.9,23.6,Premium,3499,Endurance,Swimming,Trainer D,3,31,6.4,1,0,2024-03-28
GYM1446,Lakshmi,Female,18,Hyderabad,157.3,46.9,34.2,19.0,13.8,Standard,1999,Weight Loss,Strength,Trainer D,4,36,12.7,7,0,2024-01-03
GYM1447,Keerthana,Female,32,Delhi,146.3,61.3,56.0,28.6,26.2,Elite,5999,Muscle Gain,Cardio,Trainer D,5,16,5.3,10,0,2023-12-03
GYM1448,Meena,Female,35,Mumbai,168.7,42.5,40.2,14.9,14.1,Premium,3499,Endurance,Cardio,Trainer B,3,9,2.3,2,0,2023-09-25
GYM1449,Meena,Female,30,Hyderabad,163.4,67.6,67.1,25.3,25.1,Elite,5999,Muscle Gain,Cardio,Trainer B,5,4,0.5,1,0,2022-04-15
GYM1450,Meena,Female,28,Chennai,151.6,77.9,77.1,33.9,33.5,Standard,1999,Endurance,Strength,Trainer A,1,10,0.8,8,0,2023-03-07
GYM1451,Bharathi,Female,51,Kolkata,157.5,56.5,56.5,22.8,22.8,Elite,5999,Flexibility,Swimming,Trainer A,1,22,0.0,3,1,2024-03-05
GYM1452,Divya,Female,18,Mumbai,145.3,68.2,67.4,32.3,31.9,Elite,5999,Muscle Gain,Yoga,Trainer D,1,1,0.8,4,0,2023-03-30
GYM1453,Dinesh,Male,18,Kolkata,175.2,72.2,55.7,23.5,18.1,Basic,999,Muscle Gain,Swimming,Trainer A,6,34,16.5,4,0,2023-11-29
GYM1454,Viji,Female,48,Chennai,165.2,61.8,60.4,22.6,22.1,Premium,3499,Muscle Gain,Swimming,No Trainer,1,34,1.4,5,0,2022-11-02
GYM1455,Arjun,Male,18,Coimbatore,162.2,75.5,75.3,28.7,28.6,Basic,999,Muscle Gain,Strength,Trainer D,1,21,0.2,3,0,2023-08-22
GYM1456,Ganesh,Male,30,Chennai,168.6,75.3,73.9,26.5,26.0,Standard,1999,Weight Loss,Zumba,Trainer D,3,10,1.4,2,0,2023-05-27
GYM1457,Vikram,Male,33,Chennai,171.5,64.9,60.0,22.1,20.4,Premium,3499,Weight Loss,Yoga,Trainer B,1,35,4.9,3,0,2022-11-21
GYM1458,Bharathi,Female,31,Chennai,158.2,73.5,62.1,29.4,24.8,Elite,5999,Muscle Gain,Swimming,Trainer D,6,23,11.4,3,0,2022-02-10
GYM1459,Saranya,Female,41,Delhi,160.3,57.7,52.0,22.5,20.2,Elite,5999,General Fitness,Zumba,Trainer D,5,13,5.7,3,0,2022-11-28
GYM1460,Meena,Female,20,Bangalore,158.9,64.6,58.1,25.6,23.0,Standard,1999,Weight Loss,CrossFit,Trainer C,5,17,6.5,6,0,2024-03-05
GYM1461,Saranya,Female,30,Hyderabad,142.9,58.4,48.2,28.6,23.6,Standard,1999,Weight Loss,Zumba,Trainer B,6,21,10.2,2,0,2023-07-06
GYM1462,Kavya,Female,33,Bangalore,149.8,80.2,74.8,35.7,33.3,Elite,5999,General Fitness,Zumba,Trainer C,4,21,5.4,6,0,2023-06-20
GYM1463,Arun,Male,41,Chennai,171.4,70.2,62.4,23.9,21.2,Standard,1999,Muscle Gain,Strength,Trainer A,2,32,7.8,2,1,2023-10-20
GYM1464,Rekha,Female,20,Delhi,165.4,77.0,72.0,28.1,26.3,Elite,5999,General Fitness,Cardio,Trainer C,5,15,5.0,2,1,2022-08-02
GYM1465,Viji,Female,45,Chennai,156.0,68.5,61.6,28.1,25.3,Basic,999,Endurance,Yoga,No Trainer,3,27,6.9,1,0,2022-09-30
GYM1466,Dinesh,Male,30,Coimbatore,174.5,87.5,87.5,28.7,28.7,Basic,999,Flexibility,Strength,No Trainer,1,7,0.0,4,0,2022-07-14
GYM1467,Sanjay,Male,45,Bangalore,154.7,90.4,75.7,37.8,31.6,Standard,1999,General Fitness,Zumba,No Trainer,6,27,14.7,2,0,2023-08-14
GYM1468,Rekha,Female,21,Coimbatore,154.7,51.7,40.5,21.6,16.9,Elite,5999,Endurance,Strength,Trainer B,4,36,11.2,9,0,2022-06-11
GYM1469,Viji,Female,28,Hyderabad,164.2,80.7,65.2,29.9,24.2,Premium,3499,Flexibility,Yoga,Trainer D,6,28,15.5,6,0,2023-07-31
GYM1470,Ganesh,Male,26,Kolkata,166.3,57.8,57.8,20.9,20.9,Premium,3499,Flexibility,CrossFit,Trainer D,6,1,0.0,1,0,2023-09-03
GYM1471,Sanjay,Male,41,Chennai,180.9,63.2,60.7,19.3,18.5,Standard,1999,Flexibility,Yoga,Trainer B,3,14,2.5,1,0,2023-12-08
GYM1472,Viji,Female,31,Chennai,160.2,55.3,53.1,21.5,20.7,Standard,1999,Weight Loss,CrossFit,Trainer C,2,10,2.2,5,0,2023-08-20
GYM1473,Vijay,Male,27,Coimbatore,167.9,84.6,77.9,30.0,27.6,Premium,3499,Flexibility,Zumba,Trainer D,6,14,6.7,2,0,2024-03-22
GYM1474,Sneha,Female,27,Coimbatore,157.1,63.9,63.0,25.9,25.5,Elite,5999,General Fitness,Zumba,Trainer C,6,3,0.9,10,0,2024-03-09
GYM1475,Manoj,Male,29,Pune,180.8,84.7,77.9,25.9,23.8,Premium,3499,Flexibility,CrossFit,Trainer A,6,15,6.8,10,0,2023-10-12
GYM1476,Priya,Female,38,Chennai,155.3,79.1,76.1,32.8,31.6,Premium,3499,General Fitness,Yoga,No Trainer,3,10,3.0,9,0,2022-06-06
GYM1477,Vikram,Male,30,Coimbatore,171.6,59.1,54.7,20.1,18.6,Elite,5999,Endurance,Strength,Trainer D,4,19,4.4,3,0,2022-03-26
GYM1478,Lakshmi,Female,20,Pune,159.1,85.8,72.1,33.9,28.5,Basic,999,General Fitness,Yoga,Trainer A,5,26,13.7,7,0,2022-05-14
GYM1479,Mohan,Male,38,Pune,172.0,56.4,52.0,19.1,17.6,Standard,1999,Endurance,Swimming,No Trainer,5,13,4.4,10,0,2023-06-21
GYM1480,Vijay,Male,24,Pune,163.0,76.0,76.0,28.6,28.6,Basic,999,Flexibility,Yoga,No Trainer,1,6,0.0,7,0,2022-12-23
GYM1481,Arjun,Male,18,Chennai,174.0,65.1,55.5,21.5,18.3,Premium,3499,General Fitness,Yoga,Trainer B,5,23,9.6,8,0,2023-03-28
GYM1482,Manoj,Male,52,Hyderabad,160.6,47.6,44.2,18.5,17.1,Standard,1999,Muscle Gain,Strength,Trainer A,6,8,3.4,1,0,2023-09-28
GYM1483,Harish,Male,43,Hyderabad,183.7,63.2,56.1,18.7,16.6,Premium,3499,Weight Loss,Swimming,Trainer A,4,20,7.1,8,1,2022-08-03
GYM1484,Vijay,Male,27,Kolkata,167.2,109.7,109.7,39.2,39.2,Premium,3499,General Fitness,Zumba,Trainer B,4,2,0.0,10,0,2023-06-24
GYM1485,Suresh,Male,34,Delhi,171.7,91.0,89.4,30.9,30.3,Standard,1999,Weight Loss,Strength,No Trainer,1,18,1.6,8,0,2022-01-09
GYM1486,Ganesh,Male,35,Coimbatore,164.9,81.2,77.7,29.9,28.6,Premium,3499,Flexibility,Cardio,Trainer C,2,25,3.5,7,0,2023-12-28
GYM1487,Manoj,Male,38,Coimbatore,165.0,82.5,72.0,30.3,26.4,Premium,3499,Endurance,Strength,Trainer B,4,33,10.5,9,0,2022-01-23
GYM1488,Vijay,Male,43,Kolkata,167.6,56.7,54.3,20.2,19.3,Premium,3499,Flexibility,CrossFit,Trainer B,3,2,2.4,6,0,2022-11-06
GYM1489,Sanjay,Male,22,Delhi,162.8,70.9,60.2,26.8,22.7,Premium,3499,Weight Loss,CrossFit,Trainer A,3,36,10.7,4,0,2023-02-07
GYM1490,Karthik,Male,18,Mumbai,193.1,90.7,87.2,24.3,23.4,Elite,5999,General Fitness,CrossFit,Trainer B,4,10,3.5,5,0,2022-12-04
GYM1491,Nisha,Female,31,Bangalore,160.3,71.3,68.3,27.7,26.6,Standard,1999,Muscle Gain,Zumba,No Trainer,2,13,3.0,5,0,2023-06-21
GYM1492,Ganesh,Male,37,Bangalore,168.7,75.6,61.4,26.6,21.6,Standard,1999,General Fitness,Yoga,Trainer A,5,36,14.2,2,0,2024-05-09
GYM1493,Dinesh,Male,30,Pune,177.1,85.1,75.6,27.1,24.1,Basic,999,Flexibility,CrossFit,Trainer C,6,29,9.5,5,0,2022-07-12
GYM1494,Ramesh,Male,38,Delhi,169.6,77.8,72.4,27.0,25.2,Standard,1999,Weight Loss,Zumba,No Trainer,5,15,5.4,4,0,2022-01-27
GYM1495,Divya,Female,43,Kolkata,165.6,55.7,51.2,20.3,18.7,Elite,5999,Muscle Gain,Swimming,Trainer C,4,12,4.5,8,0,2022-06-17
GYM1496,Vijay,Male,22,Chennai,157.0,70.5,62.0,28.6,25.2,Basic,999,Endurance,Yoga,Trainer D,6,15,8.5,4,0,2022-03-09
GYM1497,Manoj,Male,41,Kolkata,172.1,86.7,81.1,29.3,27.4,Elite,5999,General Fitness,Swimming,Trainer C,2,30,5.6,7,0,2022-02-12
GYM1498,Saranya,Female,25,Chennai,161.5,74.6,64.2,28.6,24.6,Premium,3499,Endurance,Zumba,Trainer A,4,29,10.4,1,0,2022-09-09
GYM1499,Saranya,Female,43,Pune,163.7,69.2,64.5,25.8,24.1,Basic,999,General Fitness,Zumba,Trainer A,3,13,4.7,8,0,2022-11-08
GYM1500,Deepa,Female,31,Delhi,150.9,63.0,58.7,27.7,25.8,Standard,1999,Endurance,Zumba,Trainer A,2,34,4.3,8,0,2023-04-08
